Numero,Descripcion,Movs_Total,Movs_2024,Asientos_Total,Primer_Mov,Ultimo_Mov,Debe_2024,Haber_2024
11101001,CAJA PESOS,10462,1696,10439,2017-09-27 16:56:47,2026-07-06 11:26:57,357639308.79,330548239.66
11101002,CAJA DOLARES,231,84,221,2017-11-29 11:26:42,2026-05-05 12:57:41,607944837.77,594222397.77
11101003,FONDOS FIJOS ADMINISTRACION,77,6,77,2017-09-27 15:35:52,2025-08-02 15:57:28,462343.71,462343.71
11101004,FONDOS FIJO SALTA,2182,1317,2182,2017-11-08 10:53:11,2026-07-06 11:39:00,120801677.74,115039743.99
11101005,FONDOS FIJOS VIAJES,9,0,9,2017-11-08 10:53:11,2021-04-30 13:32:39,0.0,0.0
11101007,FONDOS FIJOS ACIDSAL,121,0,121,2017-10-04 14:07:00,2021-04-30 13:28:14,0.0,0.0
11101008,CAJA DA,2,2,2,2024-02-27 09:51:11,2024-02-27 09:52:18,3500.0,3500.0
11102001,BANCO CREDICOOP 40137/3,33326,10414,33325,2017-09-28 10:14:05,2026-07-06 13:08:20,6184775072.45,6076637090.83
11102002,CH DIFERIDOS BANCO CREDICOOP 40137/3,28,12,27,2017-11-08 10:53:11,2026-07-01 12:00:41,442577295.9,752110611.22
11102003,BANCO CREDICOOP 1945/5,274,62,274,2017-10-11 12:43:39,2026-07-01 12:00:41,1613922.54,1583887.44
11102005,BANCO MACRO CTA CTE,212,179,212,2020-11-30 14:35:13,2026-07-03 16:38:28,1947206578.58,2085527567.1
11102007,BANCO MACRO CTA CTE USD,8,8,8,2026-04-17 16:53:45,2026-06-25 13:07:24,1770738.86,157034354.06
11102008,Cupones Tarjetas a depositar,38,0,38,2019-10-23 12:19:08,2023-06-30 14:59:25,0.0,0.0
11102009,BANCO NACION,525,60,525,2017-10-10 15:09:08,2025-12-30 16:44:09,1622074.12,1544207.02
11102011,VALORES A DEPOSITAR,3136,1146,3136,2017-09-29 15:58:42,2026-07-03 16:36:24,3324160608.79,3179402192.44
11102013,BANCO VISA,1571,31,1571,2017-10-17 09:55:53,2024-05-08 17:07:15,688090.02,2388454.53
11102013,BANCO VISA PATAGONIA,296,296,296,2024-01-09 14:18:11,2026-07-01 12:00:41,18503889.75,18529407.0
11102016,BANCO PATAGONIA SALTA,7234,2300,7234,2017-09-28 10:02:55,2026-07-06 13:31:35,12979884369.25,12817754885.9
11102017,CH DIFERIDO BANCO PATAGONIA SALTA,11,0,11,2017-11-08 10:53:11,2021-09-02 19:07:59,0.0,0.0
11102018,BANCO SANTIAGO DEL ESTERO,177,0,177,2017-10-11 16:28:30,2019-09-24 14:25:40,0.0,0.0
11102020,BANCO AMEX GR,362,59,362,2017-10-24 17:37:37,2026-01-21 14:52:03,3321190.89,3464547.72
11102021,BANCO AMEX DA,375,24,375,2017-10-24 16:25:00,2024-09-16 16:45:13,328467.21,337254.03
11102022,BANCO AMEX SB,109,0,109,2017-10-24 17:48:36,2022-01-13 11:50:20,0.0,0.0
11102023,BANCO AMEX GC,779,102,779,2017-10-24 17:08:35,2026-01-21 14:52:03,11091755.15,13603167.53
11102024,BANCO PATAGONIA BS AS,168,0,168,2017-10-20 15:25:43,2021-09-02 19:07:59,0.0,0.0
11102026,BANCO CREDICOOP CA USD ,312,0,312,2018-01-19 15:20:36,2022-04-06 22:03:49,0.0,0.0
11102027,BANCO BBVA FRANCES,948,948,948,2025-01-08 14:29:04,2026-07-06 13:05:51,1060750729.29,1077180853.54
11102027,BANCO FRANCES,873,464,873,2022-09-06 14:54:50,2025-05-26 10:18:24,243489954.18,243536549.18
11102028,MERCADOPAGO,362,300,362,2023-06-22 17:00:37,2026-07-02 12:01:50,17505173.57,17118013.2
11102029,BANCO BBVA CTA USD,303,303,303,2024-02-15 11:54:31,2026-07-01 12:00:41,1776034685.38,1875733414.2
11102030,BANCO VISA BBVA,937,937,933,2024-03-08 18:14:50,2026-07-03 16:44:37,124182350.08,128880885.69
11102031,BANCO VISA MACRO,5,5,5,2026-06-08 13:11:47,2026-06-25 13:52:55,1547894.98,665705.34
11201001,PLAZO FIJO,45,5,45,2017-11-08 10:53:11,2024-01-25 16:53:52,10000000.0,10145000.0
11201002,INTERESES A DEVENGAR PLAZO FIJO,25,3,25,2017-11-08 10:53:11,2024-05-02 20:14:04,1631038.36,516945.21
11201002,INTERESES A DEVENGAR PLAZO FIJO Y PROMOCIONES,5,5,4,2026-01-16 16:22:54,2026-05-07 15:23:42,20105.14,20105.14
11201003,ACCIONES GARANTIZAR,19,7,19,2017-11-08 10:53:11,2026-07-01 12:00:41,8000.0,6000.0
11201005,FONDOS COMUN DE INVERSION,199,105,199,2022-06-23 14:10:01,2026-03-27 15:10:50,974145604.57,919859162.74
11201006,BALANZ,184,181,184,2023-11-23 14:38:56,2026-07-01 12:00:41,3331697591.64,3128437732.43
1120104,DGN,9,7,9,2023-05-22 15:08:55,2026-07-01 12:00:41,900000.0,675000.0
11301001,DEUDORES POR SERVICIOS PESOS,54810,18487,54804,2017-09-20 11:21:43,2026-07-06 09:42:55,26178356875.65,25008026777.45
11301002,DEUDORES POR SERVICIOS DOLARES,31,12,31,2017-11-08 10:53:11,2026-07-01 12:00:41,576446633.93,425754535.23
11301003,PROVISION FACTURAS A EMITIR,22,10,22,2017-11-08 10:53:11,2026-05-07 11:15:31,1901695148.58,1901695148.58
11401001,IVA CREDITO FISCAL,21481,6475,21472,2017-10-11 16:23:24,2026-07-06 14:20:12,1106127605.09,780438006.45
11401002,IVA RETENCION,3542,1075,3538,2017-09-28 10:27:42,2026-07-02 15:19:50,253611081.96,207132091.46
11401003,IVA PERCEPCION,2728,1020,2726,2017-10-12 08:55:16,2026-07-06 14:20:12,26093198.01,22681438.15
11401004,IVA SALDO A FAVOR,4,2,4,2021-04-23 12:36:48,2024-04-09 15:49:29,533472.13,533472.13
11402001,GANANCIAS RETENCION,5152,2610,5151,2017-10-12 10:36:58,2026-07-03 14:50:15,432187752.92,260626988.71
11402002,GANANCIAS ANTICIPO,107,18,106,2017-11-02 16:09:13,2026-07-01 12:00:41,413399329.81,173213095.95
11402003,GANANCIAS SALDO A FAVOR,13,11,13,2017-11-08 10:53:11,2025-07-30 19:12:55,23025603.16,23025603.16
11402005,PERCEPCION GANANCIAS,264,90,264,2017-10-12 14:56:44,2026-07-01 12:00:41,38850177.61,44544139.9
11402006,PERCEPCION GANANCIAS COMPRAS EXTERIOR,32,2,32,2020-09-28 11:48:23,2024-04-09 18:48:16,1370.18,1370.18
11403001,IIBB RETENCIONES CABA,4580,1461,4580,2017-10-02 11:16:59,2026-07-03 12:22:36,75958711.61,57442753.44
11403002,IIBB RETENCIONES PCIA BS AS,5275,1601,5275,2017-09-28 10:40:10,2026-07-03 12:22:36,12867217.65,9876006.86
11403003,IIBB RETENCIONES SALTA,1845,734,1845,2017-09-28 10:07:49,2026-07-01 10:09:06,210549272.4,152552569.41
11403004,IIBB PERCEPCION CABA,5855,2051,5850,2017-10-12 10:35:22,2026-07-03 11:55:35,28438631.32,20106500.26
11403005,IIBB PERCEPCION PCIA DE BS AS,107,11,107,2017-11-30 09:51:44,2025-07-30 10:10:24,224599.31,224607.87
11403006,IIBB PERCEPCION PCIA DE SALTA,1105,384,1102,2017-10-12 13:36:12,2026-07-01 15:01:51,7967823.37,6218745.1
11403007,IIBB RETENCIONES BANCARIAS,580,172,580,2017-10-19 10:46:15,2026-06-24 09:22:38,188783475.9,98493303.42
11403008,IIBB SALDO A FAVOR,127,33,127,2017-11-08 10:53:11,2026-07-01 12:00:41,41164082.84,43407470.28
11403009,IIBB RETENCION PCIA DE JUJUY,19,0,19,2017-09-29 16:17:02,2022-01-03 11:23:47,0.0,0.0
11403011,TISSH RETENCIONES MUNIC DE SALTA,78,68,78,2023-03-03 12:00:52,2026-06-30 11:32:38,22795278.17,9170916.66
11403012,IIBB RETENCIONES SIRTAC,6,5,6,2023-06-23 12:00:21,2025-03-13 07:22:19,25263.02,28882.97
11404001,CARGA SOCIALES RETENCION,2887,1191,2887,2017-09-29 15:58:42,2026-07-02 15:19:50,126678040.78,90931679.93
11404002,BIENES PERSONALES,28,9,28,2017-11-08 10:53:11,2026-07-01 12:00:41,37446959.43,21957649.57
11404003,IMPUESTOS A LOS DEBITOS Y CREDITOS PAGO A CUENTA,777,267,777,2017-10-11 16:23:24,2026-07-01 12:00:41,131327949.75,79522802.59
11405001,GARANTIA ALQUILER CABA,23,8,23,2017-11-08 10:53:11,2026-07-01 12:00:41,9810000.0,5310000.0
11405002,GARANTIA ALQUILER SALTA,4,0,4,2017-11-08 10:53:11,2018-11-07 12:37:42,0.0,0.0
11405003,ALQUILERES A DEVENGAR,4,0,4,2018-06-07 12:10:04,2019-06-18 08:27:20,0.0,0.0
11405006,SOCIO AGUIRRE CUENTA PARTICULAR,89,6,89,2017-11-08 10:53:11,2026-01-21 14:52:03,5376546.39,5376546.39
11405007,SOCIO BOFFELLI CUENTA PARTICULAR,28,6,28,2017-11-08 10:53:11,2026-01-21 14:52:03,4692457.56,4692457.56
11405010,SOCIOS CTA PARTICULAR,24,24,24,2024-01-22 16:19:44,2025-08-02 16:20:30,185552000.0,185552000.0
11405011,DGN ,5,5,5,2024-03-21 15:02:15,2026-07-01 12:00:41,750000.0,500000.0
11405012,SOCIO EDUARDO ELIAS JOSE,68,68,68,2025-12-17 11:21:39,2026-07-01 12:00:41,276783915.0,118532920.0
11405013,SOCIO PEDRO GABRIEL ISSA COSTA,68,68,68,2025-12-17 11:21:39,2026-07-01 12:00:41,896412427.35,257091488.0
11501001,BOLSAS,32,12,32,2017-11-08 10:53:11,2026-07-01 12:00:41,385678242.98,336003170.03
11501002,HIELO SECO,2,0,2,2017-11-08 10:53:11,2018-05-30 19:21:24,0.0,0.0
11501003,PRECINTOS,8,0,8,2017-11-08 10:53:11,2020-05-19 15:51:57,0.0,0.0
11501005,POLICITOS,8,0,8,2017-11-08 10:53:11,2020-05-19 15:51:57,0.0,0.0
11501006,OTRAS MATERIAS PRIMAS(FILM-CINTA-ETIQUETA-EMBALAJE),31,12,31,2017-11-08 10:53:11,2026-07-01 12:00:41,256202910.32,153615197.37
11501007,CAJAS,2,2,2,2025-06-12 13:27:21,2025-07-30 19:37:54,0.3,0.3
11501008,MATERIAL DE EMBALAJE,32,12,32,2017-11-08 10:53:11,2026-07-01 12:00:41,36784461.38,24199849.29
11504001,CAJAS DE CARTON,31,12,31,2017-11-08 10:53:11,2026-07-01 12:00:41,22814965.5,17440564.2
11504003,VEHICULOS,59,8,59,2018-05-30 19:21:24,2025-04-18 01:38:01,58884703.38,65661562.89
11504003,VEHICULOS Y OTROS,2,2,2,2025-02-03 12:35:15,2025-07-30 19:35:58,4941417.85,4941417.85
11504004,MATERIAL DESCATABLE HOSPITALARIO,7,0,7,2017-11-08 10:53:11,2020-05-19 15:51:57,0.0,0.0
11504005,BIDONES Y TAMBORES,32,12,31,2017-11-08 10:53:11,2026-07-01 12:00:41,17020090.12,13086042.78
12101001,VALOR ORIGEN MUEBLES Y UTILES BS AS,34,13,34,2017-11-08 10:53:11,2026-07-01 12:00:41,62663905.39,44094311.55
12101002,AMORTIZACIONES ACUMULADAS MUEBLES Y UTILES BS AS,44,18,44,2017-11-08 10:53:11,2026-07-01 12:00:41,41098002.22,59086150.41
12101003,VALOR ORIGEN MUEBLES Y UTILES SALTA,29,13,29,2017-11-08 10:53:11,2026-07-01 12:00:41,60844443.2,24376517.35
12101004,AMORTIZACIONES ACUMULADAS MUEBLES Y UTILES SALTA,29,13,29,2017-11-08 10:53:11,2026-07-01 12:00:41,24376518.25,34877235.1
12102001,VALOR ORIGEN RODADO BS AS,42,13,42,2017-11-08 10:53:11,2026-07-01 12:00:41,1365470695.36,960005571.53
12102002,AMORTIZACIONES ACUMULADAS RODADOS BS AS,47,18,47,2017-11-08 10:53:11,2026-07-01 12:00:41,746610491.59,1092730121.99
12102003,VALOR ORIGEN RODADO SALTA,60,27,60,2017-10-31 09:11:22,2026-07-01 12:00:41,3014126103.6,1804881398.51
12102004,AMORTIZACIONES ACUMULADAS RODADOS SALTA,48,19,47,2017-11-08 10:53:11,2026-07-01 12:00:41,1260892828.14,1871511502.32
12103001,VALOR ORIGEN MAQUINARIAS BS AS,32,12,32,2017-11-08 10:53:11,2026-07-01 12:00:41,23769349.7,16612956.65
12103002,AMORTIZACIONES ACUMULADAS MAQUINARIAS BS AS,33,12,33,2017-11-08 10:53:11,2026-07-01 12:00:41,16612956.39,23769349.31
12103003,VALOR ORIGEN MAQUINARIAS SALTA,47,24,47,2017-11-08 10:53:11,2026-07-01 12:00:41,1249401585.92,475438965.22
12103004,AMORTIZACIONES ACUMULADAS MAQUINARIAS SALTA,41,17,41,2017-11-08 10:53:11,2026-07-01 12:00:41,473492883.19,677705430.96
12103005,VALOR ORIGEN MAQUINARIAS BIODISEL,34,8,33,2017-10-24 12:42:55,2025-07-17 18:47:23,848913383.26,848913383.26
12104001,VALOR ORIGEN INSTALACIONES SALTA,30,14,30,2017-11-08 10:53:11,2026-07-01 12:00:41,30183635.12,21344888.1
12104002,AMORTIZACIONES ACUMULADAS INSTALACIONES BS AS,37,18,37,2017-11-08 10:53:11,2026-07-01 12:00:41,20759960.07,25171181.45
12104003,VALOR ORIGEN INSTALACIONES BS AS,30,12,30,2017-11-08 10:53:11,2026-07-01 12:00:41,14651495.95,10240274.57
12104004,AMORTIZACIONES ACUMULADAS INSTALACIONES SALTA,30,12,30,2017-11-08 10:53:11,2026-07-01 12:00:41,20518398.09,29357145.11
12104005,VALOR ORIGEN INSTALACIONES BIO,33,8,33,2017-11-08 10:53:11,2025-07-17 18:47:23,777128826.64,777128826.64
12105003,LOTE DE TERRENOS,33,14,33,2017-11-08 10:53:11,2026-07-01 12:00:41,198753870.56,171864302.14
12105004,OBRAS EN CURSO,32,11,32,2017-11-08 10:53:11,2026-07-01 11:57:14,270547262.18,270547262.18
12105004,OBRAS EN CURSO PATOGENICOS,34,34,34,2026-02-20 10:47:17,2026-07-01 15:01:51,485419466.14,136573664.88
12105005,AMORTIZACIONES ACUMULADAS OBRA EN CURSO,35,12,35,2017-11-08 10:53:11,2026-07-01 12:00:41,270547262.18,387091389.9
12105006,OBRAS S/INMUEBLES DE TERCEROS,29,12,29,2017-11-08 10:53:11,2026-07-01 12:00:41,7115229.6,4973001.05
12105007,AMORTIZACIONES ACUMULADAS OBRA S/INMUEBLES DE TERCEROS,30,12,30,2017-11-08 10:53:11,2026-07-01 12:00:41,4973001.05,7115229.6
12105008,OBRAS EN CURSO BIO SALTA,40,8,39,2017-11-08 10:53:11,2025-07-17 18:47:23,1509489993.85,1509489993.85
12107001,VALOR ORIGEN EQUIPOS DE COMPUTACION,64,16,62,2017-10-24 15:26:44,2026-07-01 12:00:41,148841315.42,104045948.88
12107002,AMORTIZACIONES ACUMULADAS EQUIPOS DE COMPUTACION,41,15,41,2017-11-08 10:53:11,2026-07-01 12:00:41,102911488.02,147706854.56
12107003,VALOR ORIGEN PROGRAMAS Y SOFTWARES,38,12,38,2017-11-08 10:53:11,2026-07-01 12:00:41,27150341.95,18976011.54
12107004,AMORTIZACIONES ACUMULADAS PROGRAMAS Y SOFTWARES,35,12,35,2018-06-01 13:18:32,2026-07-01 12:00:41,18976011.54,27150341.95
21101001,PROVEEDORES A PAGAR PESOS,52455,16227,52384,2017-10-11 16:23:24,2026-07-06 14:20:12,7775198396.06,8064181178.79
21101002,PROVEEDORES A PAGAR DOLARES,36,12,36,2017-11-08 10:53:11,2026-07-01 12:00:41,35667991.16,51051851.16
21101004,PROVEEDORES A PAGAR EN EUROS,5,0,5,2017-11-08 10:53:11,2019-06-10 15:30:32,0.0,0.0
21101005,PROV. FACT A RECIBIR,8,4,7,2018-06-07 12:04:16,2026-01-05 18:47:36,79180636.28,79180636.28
21201003,CREDITOS BANCO NACION,47,0,47,2017-11-08 10:53:11,2018-11-07 12:37:42,0.0,0.0
21201005,CREDITOS BANCO BSE,64,0,64,2017-11-08 10:53:11,2019-09-24 14:25:40,0.0,0.0
21202001,PRESTAMO SOCIO ESPAÑA,47,9,46,2017-11-08 10:53:11,2025-07-30 19:33:56,184643178.6,184643178.6
21202002,DEUDA DECRETO 3131/15 PCIA DE SALTA,22,10,22,2017-11-08 10:53:11,2024-09-17 14:09:56,9900000.0,9900000.0
21301001,SUELDOS Y JORNALES A PAGAR BS AS,982,266,982,2017-10-25 09:01:18,2026-07-06 13:02:27,1588035810.94,1248052272.94
21301002,SUELDOS Y JORNALES A PAGAR PATOGENICOS,979,346,979,2017-10-25 08:43:04,2026-07-06 13:31:35,1585717228.95,1200259591.31
21301003,RETENCION Y EMBARGO JUDICIALES,635,219,635,2017-10-31 16:49:13,2026-07-01 12:00:41,85565107.31,65382908.37
21301030,SUELDOS Y JORNALES A PAGAR BIO,33,0,33,2017-11-06 12:45:31,2019-03-22 11:37:10,0.0,0.0
21302001,CONTRIBUCIONES SEGURIDAD SOCIAL,277,65,274,2017-11-01 10:11:17,2026-07-01 12:00:41,459487479.57,394252697.88
21302002,APORTES SEGURIDAD SOCIAL,266,67,265,2017-11-01 10:11:17,2026-07-01 12:00:41,378764975.5,319862317.64
21302003,CONTRIBUCIONES OBRA SOCIAL,263,67,263,2017-11-01 10:11:17,2026-07-01 12:00:41,125790697.82,103280708.19
21302004,APORTE OBRA SOCIAL,260,67,260,2017-11-01 10:11:17,2026-07-01 12:00:41,68302789.19,55032104.6
21302005,ART,261,68,261,2017-11-01 10:11:17,2026-07-01 12:00:41,196874516.64,147110359.03
21302006,SEGURO COLECTIVO DE VIDA OBLIGATORIO 931,257,67,257,2017-11-01 10:11:17,2026-07-01 12:00:41,5707984.39,5617977.09
21302007,CONTRIBUCION SOLIDARIA (CHOFERES),389,100,389,2017-11-08 10:53:11,2026-07-01 12:00:41,42900019.86,34140248.62
21302008,SEGUROS SEPELIOS ( CHOFERES),389,100,389,2017-11-08 10:53:11,2026-07-01 12:00:41,21439425.92,17062267.8
21302009,APORTE EMPRESARIO SINDICAL (CHOFERES),388,99,388,2017-11-08 10:53:11,2026-07-01 12:00:41,13369700.26,10985013.42
21302010,FEDERACION NACIONAL DE TRABAJADORES CAMIONEROS,466,168,466,2017-11-06 10:58:59,2026-07-01 12:00:41,30882639.33,23070024.21
21302011,SINDICATO CAMIONEROS SALTA,140,38,139,2017-11-08 10:53:11,2026-07-01 12:00:41,51011837.57,51064725.58
21302012,ANTIMA,73,0,73,2017-11-08 12:16:14,2019-03-22 11:37:10,0.0,0.0
21302013,PROV CARGAS SOCIALES,2,2,2,2025-09-05 19:17:45,2026-01-05 18:47:36,135577953.26,135577953.26
21401001,IVA DEBITO FISCAL,28878,9780,28878,2017-09-20 11:21:43,2026-07-06 09:42:55,2904003783.19,3542951527.16
21401002,IVA A PAGAR,313,85,303,2017-11-06 11:40:30,2026-07-02 09:16:02,2242308194.71,2001379432.15
21402001,IMPUESTOS A LAS GANANCIAS A PAGAR,45,14,44,2017-11-21 17:30:12,2026-07-01 12:00:41,1108518528.35,1669454986.93
21402002,RETENCION GANANCIA A PAGAR,3064,1489,3061,2017-10-17 08:51:42,2026-07-03 16:01:16,362594221.69,354598088.94
21402003,PROV.DE IMPUESTOS A LAS GANACIAS,14,2,14,2017-11-08 10:53:11,2026-01-05 18:47:36,369459522.02,369459522.02
21402004,RETENCIONES SUSS A PAGAR ,12,0,12,2017-11-22 12:38:20,2019-03-22 11:37:10,0.0,0.0
21402005,RETENCIONES IVA A PAGAR,22,10,22,2020-03-11 14:37:20,2025-06-23 17:27:19,103839.12,103839.12
21403001,IIBB A PAGAR CABA,135,36,135,2017-11-03 10:07:09,2026-07-01 12:00:41,92480021.95,128600018.09
21403002,IIBB A PAGAR SALTA,93,30,93,2017-11-03 10:07:09,2026-07-01 12:00:41,80996402.44,79987183.63
21403003,IIBB A PAGAR PCIA. BS AS,25,2,25,2017-11-08 10:53:11,2024-04-11 18:22:28,169565.04,169565.04
21404001,IMPUESTOS DE SELLOS A PAGAR,68,44,68,2019-09-30 11:39:04,2026-07-01 12:00:41,31718191.18,31644959.38
21404002,BIENES PERSONALES ACCIONES Y PARTICIPACIONES A PAGAR,8,0,8,2018-08-22 13:56:41,2021-04-23 13:37:13,0.0,0.0
21404003,IMPUESTO ESPECIAL REVALUO IMPOSITIVO,13,0,13,2019-04-24 12:48:58,2021-06-03 20:22:27,0.0,0.0
21404004,MIS FACILIDADES K346692-2018,9,1,9,2018-08-02 17:08:52,2026-07-01 12:00:41,0.0,2093686.64
21404004,TISSH A PAGAR,3,3,3,2026-01-21 14:52:03,2026-07-01 11:57:14,2093686.64,2093686.64
21404005,MIS FACILIDADES K404827-2018,8,0,6,2018-08-01 13:33:44,2018-08-01 14:05:26,0.0,0.0
21404006,MIS FACILIDADES K935263-2018,12,0,12,2018-08-22 11:25:09,2020-05-27 18:39:47,0.0,0.0
21404007,MIS FACILIDADES K739774-2018,4,0,4,2018-08-22 14:11:12,2018-09-26 11:18:33,0.0,0.0
21404008,MIS FACILIDADES K684521-2018,6,0,6,2018-08-22 14:16:26,2018-10-22 10:29:06,0.0,0.0
21404009,MIS FACILIDADES  I679877,14,0,14,2017-11-08 10:53:11,2018-10-26 12:17:22,0.0,0.0
21404009,MIS FACILIDADES  I679877-2016,74,0,74,2018-05-20 19:22:15,2022-04-04 17:24:36,0.0,0.0
21404009,MIS FACILIDADES T919544-2024,6,6,6,2024-11-26 15:15:28,2025-05-26 10:26:05,16628785.45,16628785.45
21404010,MIS FACILIDADES  I693743,14,0,14,2017-11-08 10:53:11,2018-10-26 12:17:22,0.0,0.0
21404010,MIS FACILIDADES  I693743-2016,78,0,76,2018-05-20 19:20:56,2022-04-04 17:24:36,0.0,0.0
21404011,MIS FACILIDADES L408883 2019,9,0,9,2019-04-03 10:35:11,2020-05-27 18:39:47,0.0,0.0
21404012,MIS FACILIDADES L912831-2019,4,0,4,2019-08-23 16:01:07,2019-09-25 12:43:56,0.0,0.0
21404013,MIS FACILIDADES L987094-2019,13,0,13,2019-09-16 14:54:37,2021-06-03 15:27:12,0.0,0.0
21404014,MIS FACILIDADES L912831-2019,6,0,6,2019-09-25 12:47:22,2019-12-16 12:00:56,0.0,0.0
21404015,MIS FACILIDADES M106575-2019,11,0,11,2019-09-25 13:06:03,2021-06-03 15:27:12,0.0,0.0
21404016,MIS FACILIDADES M517369-2020,7,0,7,2020-03-11 12:45:08,2020-07-16 12:22:42,0.0,0.0
21404017,MIS FACILIDADES M598972-2020,15,0,13,2020-03-11 12:54:50,2020-10-16 10:00:24,0.0,0.0
21404018,MIS FACILIDADES N562375 2020,2,0,2,2022-01-13 11:50:20,2022-04-04 17:24:36,0.0,0.0
21404018,MIS FACILIDADES N562375-2020,11,0,11,2021-03-16 14:34:50,2021-09-29 12:04:51,0.0,0.0
21404019,MIS FACILIDADES O547856-2020,41,0,41,2021-01-27 14:40:17,2022-01-13 11:50:20,0.0,0.0
21404020,MIS FACILIDADES N562375-2020,12,0,12,2021-03-16 14:47:57,2022-04-04 17:24:36,0.0,0.0
21404021,MIS FACILIDADES N671396-2020,29,0,29,2021-04-20 15:06:02,2022-01-13 11:50:20,0.0,0.0
21404022,MIS FACILIDADES O605710-2021,21,0,19,2021-03-16 12:35:14,2021-09-16 17:20:22,0.0,0.0
21404023,MIS FACILIDADES O662383-2021,13,0,13,2021-03-03 10:27:32,2021-09-20 14:25:40,0.0,0.0
21404024,MIS FACILIDADES O717882-2021,13,0,11,2021-03-26 17:57:17,2021-09-16 17:26:35,0.0,0.0
21404025,MIS FACILIDADES N654638-2020,33,0,33,2021-04-23 13:12:28,2022-11-16 16:40:34,0.0,0.0
21404026,MIS FACILIDADES M771718-2020 ,75,8,75,2021-04-28 17:46:43,2024-09-17 14:09:56,102237.49,277502.41
21404027,MIS FACILIDADES Q312948-2022,23,0,19,2022-06-08 15:38:07,2022-09-12 13:55:38,0.0,0.0
21404028,MIS FACILIDADES Q477788-2022,15,0,15,2022-06-28 16:35:32,2022-12-16 10:05:50,0.0,0.0
21404029,MIS FACILIDADES S362277-2023,45,42,45,2023-11-22 17:52:13,2026-07-01 12:00:41,42023435.4,24963015.7
21404030,MIS FACILIDADES U124307-2025,7,7,7,2025-01-27 17:35:32,2025-08-05 08:45:22,40000000.0,40000000.0
21404031,MIS FACILIDADES V366637-2025,16,16,16,2025-12-03 17:06:25,2026-07-01 12:00:41,351894388.81,383322540.69
21404032,MIS FACILIDADES V620313-2026,9,9,9,2026-02-19 14:37:26,2026-06-30 14:12:33,113383611.37,134291906.56
21404033,MIS FACILIDADES V740161-2026,6,6,6,2026-02-25 17:31:58,2026-06-19 16:02:35,47234229.06,94607800.17
21404034,DGR 1523004427-2026,7,7,7,2026-02-27 17:43:00,2026-06-10 10:49:47,91472330.32,39202427.28
21501,ANTICIPO DE CLIENTES,18,6,18,2017-11-08 10:53:11,2025-08-02 15:57:28,1968000.0,1968000.0
21503,DIVIDENDOS A PAGAR,156,89,156,2017-11-08 10:53:11,2025-08-02 16:27:24,1222404670.0,1244724670.0
21505,PRESTAMO DIEGO AGUIRRE,6,0,6,2017-11-08 10:53:11,2020-08-25 11:50:21,0.0,0.0
311,CAPITAL SOCIAL,19,7,19,2017-11-08 10:53:11,2026-07-01 12:00:41,180000.0,240000.0
312,A CUENTA FUTURAS SUSCRIPCIONES,4,0,4,2017-11-08 10:53:11,2019-07-12 09:26:10,0.0,0.0
313,AJUSTE DE CAPITAL,28,12,28,2019-07-12 09:26:10,2026-07-01 12:00:41,83808831.15,119907299.09
321,RESERVA LEGAL,2,0,2,2023-06-26 16:06:46,2023-06-26 18:51:32,0.0,0.0
322,RESERVA VOLUNTARIA,35,12,33,2017-11-08 10:53:11,2026-07-01 12:00:41,5658088211.59,8128142473.3
323,REVALÚO CONTABLE,26,12,26,2019-06-21 11:56:32,2026-07-01 12:00:41,1373060035.44,1964535561.17
331,RESULTADO DEL EJERCICIO,23,6,23,2017-11-08 10:53:11,2026-07-01 11:57:14,1636633184.37,1636633184.37
332,RESULTADO DE EJERCICIOS ANTERIORES,40,18,36,2018-11-07 12:37:42,2026-07-01 12:00:41,5015573510.16,4085047180.48
333,RECPAM,3,0,3,2019-07-12 09:55:40,2019-08-13 12:17:45,0.0,0.0
41101001,ASESORAMIENTO Y GESTION,13476,3846,13439,2017-09-20 11:21:43,2026-07-06 09:42:55,1074057534.37,1226590135.99
41101002,CAPACITACION,1648,430,1630,2017-09-20 11:21:43,2026-07-02 09:50:50,504602308.56,598631272.76
41101003,TRANSPORTE,6643,1783,6632,2017-09-20 11:21:43,2026-07-06 09:42:55,1024029432.61,1230627646.29
41101004,ETIQUETAS ROTULOS Y PANELES,1591,524,1590,2017-09-20 11:21:43,2026-07-02 10:02:55,120952944.02,128809793.39
41101005,OTROS MATERIALES DE EMBALAJE,887,236,887,2017-09-20 11:21:43,2026-07-01 11:57:08,69684652.38,70099126.54
41101006,CAJAS HOMOLOGADAS,789,254,787,2017-09-20 11:21:43,2026-07-01 11:57:08,242944023.51,296156382.74
41101007,FLETE AEREO,4623,1032,4592,2017-09-20 11:21:43,2026-07-06 09:42:55,1176787401.22,1369001296.87
41101008,FLETE MARITIMO EXENTO,2,0,2,2017-10-13 14:12:02,2018-10-26 12:17:16,0.0,0.0
41101010,SERVICIOS GENERALES,2,0,2,2018-04-17 17:12:05,2018-10-26 12:17:16,0.0,0.0
41101011,VENTA DE VEHICULO DE EXPORTACION,31,11,31,2017-10-13 13:18:43,2026-07-01 11:57:08,82066005.86,73467605.86
41101012,ACONDICIONAMIENTO Y EMBALAJE,7161,1739,7155,2017-09-20 11:21:43,2026-07-06 09:42:55,276780110.56,314836025.8
41101013,KIT,78,15,78,2017-09-20 11:42:39,2026-07-01 11:57:08,599749.63,559746.87
41101014,BOTELLAS Y BIDONES,1549,388,1547,2017-09-20 11:21:43,2026-07-06 09:23:15,98833589.67,131740453.73
41101015,SERVICIO ABONO MENSUALRESIDUOS PATOGENICOS,6,0,6,2018-03-07 13:24:03,2021-04-30 12:40:57,0.0,0.0
41101016,RECOLECCION Y TRANSPORTE DE RESIDUOS PATOGENICOS EXC.10000KM.,243,65,243,2017-09-26 10:10:53,2026-07-01 11:57:08,1912817558.88,2394388707.21
41101017,RECOLECCION Y TRANSPORTE DE MEDICAMENTO VENCIDOS,43,13,43,2017-09-26 09:13:12,2026-07-01 11:57:08,222049.8,255496.08
41101018,TRATAMIENTO DE MEDICAMENTO VENCIDOS,251,73,250,2017-09-26 09:00:46,2026-07-01 11:57:08,38214220.01,40257662.84
41101019,RECOLECCION Y TRANSPORTE DE RESIDUOS PATOLOGICOS,7801,2800,7799,2017-09-26 09:00:46,2026-07-01 11:57:08,8955515702.07,10247487203.23
41101020,TRATAMIENTO Y DISPOSICIÓN FINAL DE RESIDUOS PATOLOGICOS,161,44,161,2017-09-26 10:10:53,2026-07-01 11:57:08,1850282961.47,2363898776.69
41101021,DESCARTADORES,23,4,23,2017-09-26 09:32:57,2026-07-01 11:57:08,45820.99,22349.89
41101022,ALMACENAJE,95,61,95,2019-01-28 12:31:07,2026-07-01 11:57:08,4987027.46,10740894.1
41101024,ALQUILERES ,20,0,20,2017-09-26 09:44:30,2022-04-07 14:05:53,0.0,0.0
41101025,MUESTRAS DE COMBUSTIBLES,65,15,65,2017-10-13 10:41:49,2026-07-01 11:57:08,21849057.79,21588549.74
41101026,PROGRAMAS Y SOFTWARE,7,0,7,2018-02-15 10:00:51,2022-04-07 14:05:53,0.0,0.0
41101027,LIBROS Y MANUALES,10,0,10,2019-06-21 12:48:23,2023-07-19 18:04:00,0.0,0.0
41101063,BSAS PROGRAMAS Y SOFTWARE,10,2,10,2018-03-21 16:13:54,2024-05-08 17:07:09,156609.85,99753.85
41102004,TRATAMIENTO DE MEDICAMENTO VENCIDOS,3,0,3,2021-07-19 11:44:37,2022-04-07 14:05:53,0.0,0.0
41103001,BIO ALQUILERES ,3,0,3,2019-06-18 08:27:20,2019-08-13 12:17:39,0.0,0.0
41201,RESULTADOS VENTAS BIENES DE USO,51,23,51,2018-09-26 14:02:17,2026-07-01 11:57:08,44206144.62,44206144.62
41203,RECUPERO DE SINIESTROS,3,0,3,2019-12-18 13:18:01,2021-04-30 12:40:57,0.0,0.0
41204,PAT RECUPERO DE GASTOS,12,0,12,2018-05-24 10:44:48,2022-04-07 14:05:53,0.0,0.0
41205,ATP,6,0,6,2021-05-10 17:16:46,2021-09-29 12:04:44,0.0,0.0
42101001,BSAS ALQUILERES Y EXPENSAS,282,91,282,2017-11-08 15:46:54,2026-07-01 14:34:26,79331726.65,51155806.51
42101003,BSAS AMORTIZACIONES INSTALACIONES,8,8,8,2025-07-30 15:57:33,2026-07-01 11:57:08,601368.27,601368.27
42101003,BSAS ARMOTIZACIONES INSTALACIONES,11,6,11,2019-06-18 08:33:22,2025-05-26 10:18:18,490838.44,490838.44
42101004,BSAS ARMOTIZACIONES MAQUINARIAS,6,0,6,2018-06-01 13:18:32,2021-04-30 12:40:57,0.0,0.0
42101006,BSAS AMORTIZACIONES RODADOS,5,5,5,2026-01-21 19:53:23,2026-07-01 11:57:08,57105568.03,57105568.03
42101006,BSAS ARMOTIZACIONES RODADOS,22,6,22,2018-06-01 13:18:32,2025-05-26 10:18:18,55031772.19,55031772.19
42101007,BSAS ANALISIS DE LABORATORIO,15,6,15,2018-05-31 13:02:05,2026-05-13 16:35:50,990000.0,495000.0
42101009,BSAS CARGAS SOCIALES,136,37,136,2017-11-08 12:16:14,2026-07-01 11:57:08,320449965.62,340538624.09
42101010,BSAS COMBUSTIBLE,1073,294,1072,2017-10-23 11:39:07,2026-07-01 11:57:08,111865921.77,100013193.64
42101011,BSAS GASTOS DE VIAJE Y MOBILIDAD,59,0,59,2017-10-18 14:59:12,2018-10-26 12:17:16,0.0,0.0
42101011,BSAS GASTOS DE VIAJE Y MOVILIDAD,1484,500,1484,2018-02-09 15:16:14,2026-07-06 11:21:06,37282664.57,28892478.5
42101012,BSAS COSTOS DE VENTAS MERCADERIAS DE REVENTA,7,0,7,2019-04-30 15:01:52,2021-04-30 12:40:57,0.0,0.0
42101016,BSAS ELEMENTO DE SEGURIDAD,103,21,101,2017-10-25 16:19:09,2026-07-02 12:21:52,3266067.51,513184.19
42101016,BSAS ELEMENTOS DE SEGURIDAD,21,21,21,2025-01-16 17:05:04,2026-07-01 11:57:08,3151364.74,3151364.74
42101018,BSAS ESTACIONAMIENTO,1445,368,1445,2017-10-18 15:43:04,2026-07-01 11:57:08,9627382.01,5610416.32
42101019,BSAS GASTOS DE RODADOS,852,227,850,2017-10-12 15:01:18,2026-07-01 12:47:26,52529075.66,38921024.19
42101020,BSAS INDUMENTARIA,74,22,74,2018-03-16 12:36:12,2026-07-01 11:57:08,5226907.89,5167262.33
42101021,BSAS MATERIALES Y HERRAMIENTAS,278,67,278,2017-11-08 12:54:40,2026-07-01 11:57:08,1843491.26,1978812.89
42101022,BSAS DERECHO DE EXPORTACION Y OTROS GASTOS,369,73,369,2017-12-12 15:50:17,2026-07-01 11:57:08,15920039.82,16098199.35
42101023,BSAS DERECHO DE IMPORTACION Y OTROS GASTOS,357,97,356,2017-10-12 14:56:44,2026-07-01 11:57:08,24294518.84,21933947.28
42101024,BSAS PATENTES,149,46,149,2017-11-24 12:10:25,2026-07-01 11:57:08,5419329.48,5949497.13
42101025,BSAS PEAJES Y MULTAS BS AS,1444,571,1444,2017-10-13 17:18:50,2026-07-03 11:16:14,13482206.58,11885485.92
42101026,BSAS SEGURO DE INMUEBLES,7,5,7,2018-05-31 13:02:05,2026-07-01 11:57:08,2329306.29,2329306.29
42101027,BSAS SEGUROS DE RODADOS,173,55,172,2017-10-23 13:28:39,2026-07-01 15:59:54,27606312.18,25818286.52
42101028,BSAS SERVICIOS DE TERCEROS CONTRATADOS,484,144,484,2017-10-24 09:49:25,2026-07-01 14:35:39,150441195.18,159524297.95
42101029,BSAS SUELDOS,129,35,129,2017-11-08 12:16:14,2026-07-01 11:57:08,1345674988.38,1428194273.93
42101030,BSAS FLETE Y COURIER INTERNACIONAL,2474,689,2472,2017-10-18 15:27:20,2026-07-02 10:55:10,675443859.15,624500626.41
42101031,BSAS MANTENIMIENTO DE MAQUINARIAS,7,0,7,2017-12-11 17:45:16,2018-10-26 12:17:16,0.0,0.0
42101032,BSAS GASTOS DE VIAJES,30,23,30,2019-11-06 10:27:45,2026-07-01 11:57:08,290723.63,290723.63
42101033,BSAS GASTOS DE DESPACHANTE,105,20,104,2017-12-15 17:53:09,2026-07-01 11:57:08,3007860.37,3224827.85
42101034,BSAS CERTIFICACIONES Y GASTOS DE HOMOLOGACION,1527,700,1527,2017-10-26 11:15:45,2026-07-03 10:52:01,478856249.73,478905013.89
42101035,BSAS MATERIAL DE EMBALAJE,838,218,837,2017-10-25 09:34:54,2026-07-01 13:51:35,176373574.86,142200809.84
42101036,BSAS SERVICIO DE LIMPIEZA Y DE MANTENIMIENTO,522,160,522,2017-10-19 11:08:08,2026-07-02 11:05:06,60311002.47,51118348.43
42101037,BSAS LIBRERÍA E IMPRENTA,33,8,33,2018-02-20 14:09:23,2026-04-09 15:29:31,960796.6,260562.6
42101038,BSAS TRATAMIENTO Y DISPOSICION FINAL,13,0,13,2017-10-12 13:27:33,2018-10-26 12:17:16,0.0,0.0
42101040,BSAS OTROS GASTOS PERSONAL,273,100,273,2017-11-14 17:16:09,2026-07-01 11:57:08,18746156.91,16288943.39
42101041,BSAS BOLSAS,13,0,13,2017-10-19 13:29:09,2018-10-26 12:17:16,0.0,0.0
42101046,BSAS OTRAS MATERIAS PRIMAS(FILM-CINTA-ETIQUETA-EMBALAJE),272,68,270,2017-10-19 14:59:42,2026-07-01 15:43:52,35427632.58,35038185.63
42101047,BSAS CAJAS,18,0,18,2017-12-15 17:10:24,2021-04-30 12:40:57,0.0,0.0
42101048,BSAS BOTELLAS Y BIDONES,3,0,3,2018-05-30 19:21:24,2018-10-26 12:17:16,0.0,0.0
42101049,BSAS PEAJES Y MULTAS ,3,0,3,2018-11-21 09:32:37,2019-08-13 12:17:39,0.0,0.0
42101050,BSAS SEGUROS DE CAUCION,33,10,33,2017-12-12 11:36:37,2026-07-01 11:57:08,1882127.17,2144522.57
42101051,BSAS LEASING,43,0,43,2017-10-23 13:28:39,2021-04-30 12:40:57,0.0,0.0
42101052,BSAS OTROS GASTOS DE CURSOS,598,129,598,2017-10-19 10:17:29,2026-07-01 11:57:08,14009191.83,13804058.38
42101053,BSAS SUBSCRIPCIONES,86,26,86,2017-12-12 16:55:08,2026-07-01 11:57:08,1464970.97,1050310.97
42101056,BSAS MANTENIMIENTO,44,9,44,2017-11-01 09:27:56,2026-07-01 11:57:08,40902.11,41926.8
42101058,BSAS - NO USAR -DESTRUCCION MEDICAMENTOS VENCIDOS,3,0,3,2017-12-20 16:22:48,2018-10-26 12:17:16,0.0,0.0
42101061,BSAS ALMACENAJE,21,4,21,2017-11-21 16:24:05,2025-05-26 10:18:18,3758401.51,3758401.51
42101063,Descuentos Ganados por Compras ,40,23,40,2018-05-31 13:02:05,2026-07-01 11:57:08,499814.41,1005968.29
42101064,BSAS ART VARIOS DE TELEFONIA Y COMPUTACIÓN,72,56,72,2022-11-18 13:24:15,2026-07-01 11:57:08,11106013.21,11139947.95
42101064,BSAS PROGRAMAS Y SOFTWARE,3,0,3,2018-05-31 12:51:07,2018-10-26 12:17:16,0.0,0.0
42102002,BSAS AMORTIZACIONES MUEBLES Y UTILES,29,14,29,2018-06-01 13:18:32,2026-07-01 11:57:08,1242090.36,1242090.36
42102003,BSAS AMORTIZACIONES RODADOS,8,5,8,2019-06-21 11:38:54,2026-05-14 20:44:52,20674050.83,20674050.83
42102004,BSAS ASISTENCIA MEDICA,182,39,182,2017-11-01 11:54:00,2026-07-01 11:57:08,9990513.38,10699576.62
42102005,BSAS CARGAS SOCIALES,130,36,130,2017-11-08 12:16:14,2026-07-01 11:57:08,72553718.96,76512684.26
42102006,BSAS GASTOS BANCARIOS,915,233,915,2017-09-20 12:52:36,2026-07-01 11:57:08,15487535.54,13609043.78
42102007,BSAS GASTOS ADMINISTRATIVOS PLAN DE AHORRO VEHICULOS,27,27,27,2025-01-24 15:29:30,2025-05-26 10:18:18,512302.81,512302.81
42102007,BSAS GASTOS TARJETA DE CREDITO,335,90,335,2017-12-14 17:19:49,2026-07-01 11:57:08,1143506.2,1155490.46
42102008,BSAS FLETE INTERNO,1014,302,1014,2017-10-20 15:17:16,2026-07-01 11:57:08,48780167.86,39271270.21
42102009,BSAS GASTOS DE LIMPIEZA,96,16,93,2017-11-29 14:33:34,2026-07-01 11:57:08,300773.19,307820.7
42102010,BSAS GASTOS GENERALES,41,15,34,2017-10-13 11:17:04,2026-07-01 11:57:08,2980.18,2420.36
42102011,BSAS HONORARIOS Y SERVICIOS DE GESTIONES,302,99,301,2017-10-19 11:31:05,2026-07-01 13:08:00,195667755.26,188091601.26
42102012,BSAS IMPUESTOS A LOS DEBITOS Y CREDITOS,704,271,704,2017-12-04 15:59:48,2026-07-01 11:57:08,149235777.03,134776052.48
42102013,BSAS IMPUESTOS INTERNOS,4,0,4,2018-05-09 17:46:47,2019-08-13 12:17:39,0.0,0.0
42102013,BSAS TASAS E IMPUESTOS INTERNOS,135,51,135,2019-01-31 17:50:37,2026-07-02 12:04:11,108655.29,99803.55
42102015,BSAS INGRESOS BRUTOS CABA,131,38,131,2018-04-10 12:51:27,2026-07-01 11:57:08,201982334.63,213700233.57
42102017,BSAS INGRESOS BRUTOS BUENOS AIRES,125,36,125,2018-04-10 12:51:27,2026-07-01 11:57:08,9767591.81,10324028.86
42102018,BSAS INGRESOS BRUTOS SALTA,124,30,124,2018-04-10 12:51:27,2026-07-01 11:57:08,168797048.31,182974585.68
42102019,BSAS LIBRERÍA E IMPRENTA,347,100,347,2017-10-13 14:21:18,2026-07-02 13:46:39,8313134.51,6718837.71
42102020,BSAS MOBILIDAD,23,0,22,2017-10-20 14:37:36,2018-10-26 12:17:16,0.0,0.0
42102020,BSAS MOVILIDAD,331,127,331,2018-03-05 16:30:01,2026-07-01 11:57:08,28462343.6,30545446.12
42102021,BSAS SEGUROS GENERALES,168,124,168,2018-03-12 16:53:47,2026-07-01 11:57:08,765458.21,614152.06
42102022,BSAS SISTEMAS E INFORMATICA,863,236,862,2017-10-12 13:31:16,2026-07-01 15:37:41,77689739.69,76251065.11
42102023,BSAS SUELDOS,129,35,129,2017-11-08 12:16:14,2026-07-01 11:57:08,311410525.39,328566457.31
42102024,BSAS TASAS E IMPUESTOS PROVINCIALES,293,114,293,2017-09-28 14:53:31,2026-07-02 12:15:44,5494467.23,4656069.84
42102025,BSAS SERVICIOS DE AYSA,124,41,124,2017-11-06 14:45:56,2026-07-01 11:57:08,3223350.73,2156562.1
42102026,BSAS SERVICIOS DE ELECTRICIDAD,110,14,110,2017-10-18 15:54:00,2025-05-26 10:18:18,3629513.31,4217001.34
42102027,BSAS SERVICIOS DE GAS,121,39,121,2018-07-11 13:39:49,2026-07-01 11:57:08,952149.68,832462.04
42102028,BSAS SERVICIOS DE TELEFONOS FIJOS,278,65,278,2017-10-26 10:35:06,2026-07-01 11:57:08,2134918.68,1769429.89
42102029,BSAS SERVICIOS DE TELEFONOS MOVIL,227,56,227,2017-10-12 10:35:22,2026-07-02 13:13:48,8578952.91,7269556.36
42102030,BSAS OTROS GASTOS PERSONAL,510,157,510,2018-02-05 16:40:55,2026-07-03 11:55:35,11965788.26,11422882.98
42102030,BSAS OTROS GASTOS PERSONALES,25,0,25,2017-10-23 15:57:02,2018-10-26 12:17:16,0.0,0.0
42102031,BSAS SERVICIO DE VIGILANCIA,150,43,150,2017-12-07 11:02:17,2026-07-06 12:19:27,4337339.35,3585854.95
42102032,BSAS GASTOS DE CERTIFICACIONES Y ESCRIBANIA,59,20,59,2017-11-14 16:55:41,2026-07-01 11:57:08,1278674.96,1284774.96
42102033,BSAS AMORTIZACIONES DE EQUIPOS DE COMPUTACION,23,6,22,2018-06-01 13:18:32,2025-05-26 10:18:18,4444611.29,4444611.29
42102035,BS AS RETENCIONES DE TARJETAS DE CREDITO,51,8,34,2021-12-13 14:17:21,2025-05-26 10:18:18,33967.49,33967.49
42102035,BSAS RETENCIONES DE TARJETAS DE CREDITO,14,0,14,2021-05-27 16:30:44,2021-09-29 12:04:44,0.0,0.0
42103001,BSAS ABL,90,29,90,2017-10-18 14:05:06,2026-07-01 11:57:08,6970781.93,5632060.42
42103002,BSAS CAPACITACION DEL PERSONAL,18,6,18,2018-06-15 10:05:05,2026-05-21 14:26:07,2051037.49,366766.49
42103003,BSAS CORREO / MENSAJERIA,376,130,376,2017-11-08 12:33:13,2026-07-01 11:57:08,4876856.23,4409198.7
42103005,BSAS GASTOS LEGALES,56,31,56,2018-06-08 17:56:40,2026-07-01 11:57:08,1866009.42,1865910.72
42103006,BSAS HONORARIOS,326,131,326,2017-10-31 12:52:36,2026-07-01 11:57:08,16947771.43,16786971.43
42103007,BSAS PUBLICIDAD,470,200,470,2017-10-24 10:41:07,2026-07-01 11:57:08,35231082.85,29096516.76
42103009,BSAS SERVICIOS DE ELECTRICIDAD,27,27,27,2024-12-16 15:10:09,2026-07-06 14:20:12,8079529.87,5409305.7
42103010,BSAS SERVICIOS DE GAS,3,0,3,2017-10-26 10:26:11,2018-10-26 12:17:16,0.0,0.0
42103011,BSAS SERVICIOS DE LIMPIEZA Y MANTENIMIENTO,7,2,7,2018-05-31 12:51:07,2024-05-08 17:07:09,4536.56,8789.45
42103015,BSAS GASTOS DE VIAJE Y MOVILIDAD,407,59,407,2017-11-01 09:10:13,2026-07-01 11:57:08,3868142.39,3868863.5
42104001,BSAS OTROS INGRESOS Y EGRESOS,2393,942,2391,2017-09-20 12:52:36,2026-07-01 15:21:56,10145365.64,10109493.63
42105001,BSAS DIFERENCIA DE CAMBIO,5734,2988,5732,2017-09-20 12:50:31,2026-07-03 14:45:31,502370402.69,489226586.35
42105002,BSAS INTERESES BANCARIOS,16,7,16,2018-05-31 13:02:05,2026-07-01 11:57:08,18296.53,18296.53
42105003,BSAS INTERESES IMPOSITIVOS,134,17,134,2017-11-03 10:43:16,2026-07-01 11:57:08,750884.76,602176.43
42105004,BSAS INTERESES FINANCIEROS,21,5,21,2018-01-03 16:34:43,2026-06-09 13:47:31,1087839.87,1087096.62
42106,RECPAM,28,12,28,2020-05-28 20:04:37,2026-07-01 11:57:08,1985450128.49,1985450128.49
42201001,PAT ALQUILERES Y EXPENSAS,178,42,178,2017-10-13 10:03:03,2026-07-01 11:57:08,6661561.78,5649540.0
42201003,PAT ARMOTIZACIONES INSTALACIONES,5,0,5,2018-06-01 13:18:32,2023-07-19 18:04:00,0.0,0.0
42201004,PAT ARMOTIZACIONES MAQUINARIAS,27,14,27,2018-06-01 13:18:32,2026-07-01 11:57:08,2104610.3,2104610.3
42201005,PAT ARMOTIZACIONES OBRAS EN CURSO,4,0,4,2018-06-01 13:18:32,2021-04-30 12:40:57,0.0,0.0
42201006,PAT ARMOTIZACIONES RODADOS,10,0,10,2018-06-01 13:18:32,2022-04-07 14:05:53,0.0,0.0
42201007,PAT ANALISIS DE LABORATORIO,53,19,53,2018-05-03 13:31:10,2026-07-01 11:57:08,3637704.92,3524419.62
42201008,PAT ASISTENCIA MEDICA,358,102,358,2017-10-13 09:25:04,2026-07-01 14:49:38,17879986.22,18544198.19
42201009,PAT CARGAS SOCIALES,153,38,153,2017-11-08 12:16:14,2026-07-01 11:57:08,447613633.0,480032175.02
42201010,PAT COMBUSTIBLE,882,221,882,2017-10-12 16:22:47,2026-07-06 10:22:48,424191243.22,359526589.9
42201011,PAT GASTOS DE VIAJE Y MOVILIDAD,161,48,161,2017-11-01 08:48:33,2026-07-03 11:14:39,11829558.56,11703196.02
42201016,PAT ELEMENTO DE SEGURIDAD,294,87,294,2017-10-30 15:48:30,2026-07-01 13:35:34,7968172.23,7071320.29
42201018,PAT ESTACIONAMIENTO,446,122,446,2017-10-26 10:23:43,2026-07-01 11:57:08,1431580.72,1098384.46
42201019,PAT GASTOS DE RODADOS,3579,1260,3579,2017-10-12 16:32:02,2026-07-06 12:42:47,263883164.37,204510750.82
42201020,PAT INDUMENTARIA,78,22,78,2018-02-09 09:55:38,2026-07-01 11:57:08,11698413.16,12884705.13
42201021,PAT MATERIALES Y HERRAMIENTAS,851,242,851,2017-10-13 12:18:31,2026-07-06 11:38:24,21056493.16,14269372.14
42201024,PAT PATENTES,690,224,690,2017-11-15 09:45:50,2026-07-02 12:06:10,27461402.47,21592412.55
42201025,PAT PEAJES Y MULTAS ,408,127,408,2017-10-13 17:32:01,2026-07-03 11:17:23,4532397.24,4091350.66
42201026,PAT SEGURO DE INMUEBLES,31,12,31,2018-06-18 14:15:17,2026-07-01 11:57:08,17321550.72,11520310.44
42201027,PAT SEGUROS DE RODADOS,150,31,150,2017-10-26 12:45:57,2026-07-01 15:59:54,83771247.24,71879682.12
42201028,PAT SERVICIOS DE TERCEROS CONTRATADOS,36,21,36,2019-05-30 15:04:47,2026-07-03 09:54:35,25926500.0,2336000.0
42201029,PAT SUELDOS,130,35,130,2017-11-08 12:16:14,2026-07-01 11:57:08,1758985952.33,1885518861.75
42201031,PAT  MANTENIMIENTO DE MAQUINARIAS,297,126,297,2017-11-23 14:26:08,2026-07-01 11:57:08,60387825.15,53731778.09
42201032,PAT GASTOS DE VIAJES,165,34,165,2018-04-03 14:58:11,2026-07-01 11:57:08,2994744.26,2731868.1
42201035,PAT MATERIAL DE EMBALAJE,36,6,35,2019-05-14 10:34:30,2025-05-26 10:18:18,31783446.73,56662225.48
42201036,PAT SERVICIO DE LIMPIEZA Y DE MANTENIMIENTO,386,135,386,2017-10-12 17:10:54,2026-07-03 11:48:25,95176318.43,83336918.46
42201037,PAT LIBRERÍA E IMPRENTA,109,37,109,2017-10-13 14:03:12,2026-07-01 11:57:08,6721607.19,6492713.99
42201038,PAT TRATAMIENTO Y DISPOSICION FINAL,123,38,123,2018-02-09 11:10:44,2026-07-01 11:57:08,78088716.13,68904591.08
42201040,PAT OTROS GASTOS PERSONAL,315,102,315,2017-11-06 16:58:07,2026-07-06 10:59:44,24199001.58,11263118.29
42201041,PAT BOLSAS,124,39,124,2018-02-20 15:18:29,2026-07-02 11:13:32,1467595149.49,1098803669.98
42201043,PAT PRECINTOS,45,18,45,2019-04-03 17:41:15,2026-07-01 13:57:10,26274942.61,22443476.81
42201043,PAT PRESCINTOS,9,0,8,2017-11-28 13:28:58,2019-08-13 12:17:39,0.0,0.0
42201046,PAT OTRAS MATERIAS PRIMAS(FILM-CINTA-ETIQUETA-EMBALAJE),15,14,15,2023-11-08 16:44:27,2026-07-01 11:57:08,81707996.75,82045094.75
42201050,PAT SEGUROS DE CAUCION,59,18,59,2017-12-18 16:08:20,2026-07-01 11:57:08,8882052.77,8533927.3
42201051,PAT LEASING,46,0,46,2017-10-26 12:45:57,2021-04-30 12:40:57,0.0,0.0
42201052,PAT OTROS GASTOS DE CURSO,15,15,15,2025-11-14 12:18:23,2026-07-01 11:57:08,120329.67,80168.55
42201056,PAT MANTENIMIENTO,68,37,68,2018-05-16 09:52:20,2026-07-01 11:57:08,2173520.44,1746520.44
42201058,PAT DESTRUCCION MEDICAMENTOS VENCIDOS,45,25,45,2018-02-06 09:13:25,2026-07-01 11:57:08,27115922.01,27228242.01
42201062,"PAT ART VARIOS DE TELEFONIA Y COMPUTACIÓN
",47,43,47,2022-08-02 16:42:43,2026-07-01 11:57:08,5083409.72,3526897.76
4220120,PAT INDEMNIZACIONES JUDICIALES,14,14,14,2024-06-05 14:28:31,2026-06-30 14:53:48,29876991.9,19876991.9
42202003,PAT AMORTIZACIONES RODADOS,21,14,21,2019-06-18 08:33:22,2026-07-01 11:57:08,276351802.0,276351802.0
42202004,PAT ASISTENCIA MEDICA,48,20,48,2018-05-07 15:14:58,2026-07-01 11:57:08,1168788.04,869099.59
42202006,PAT GASTOS BANCARIOS,160,47,160,2017-11-22 17:24:21,2026-07-01 11:57:08,1614434.43,1682054.51
42202007,PAT GASTOS ADMINISTRATIVOS PLAN AHORRO VEHICULOS,14,14,14,2025-02-06 09:47:07,2026-07-01 11:57:08,3596468.19,3596468.19
42202007,PAT GASTOS ADMINISTRATIVOS PLAN DE AHORRO VEHICULOS,10,10,10,2025-01-24 17:16:02,2025-05-26 10:18:18,2440496.73,2440496.73
42202007,PAT GASTOS TARJETA DE CREDITO,20,18,20,2020-03-11 13:28:24,2026-06-11 16:17:12,3376346.42,1715466.5
42202008,PAT FLETE INTERNO,216,69,216,2017-10-11 16:56:50,2026-07-01 11:57:08,5302149.64,4314023.01
42202009,PAT GASTOS DE LIMPIEZA,234,77,234,2017-10-12 16:52:52,2026-07-01 11:57:08,11164888.6,10920431.33
42202011,PAT HONORARIOS Y SERVICIOS DE GESTIONES,571,219,571,2017-10-19 10:29:48,2026-07-03 13:05:58,315052817.32,259092993.46
42202012,PAT IMPUESTOS A LOS DEBITOS Y CREDITOS,23,21,23,2018-06-10 18:16:51,2026-07-01 11:57:08,28129750.08,9350817.1
42202013,PAT IMPUESTOS INTERNOS,42,0,42,2017-10-20 15:30:00,2019-08-13 12:17:39,0.0,0.0
42202013,PAT TASAS E IMPUESTOS INTERNOS,181,78,181,2019-01-31 16:05:15,2026-07-01 11:57:08,48211612.22,48438889.72
42202018,PAT INGRESOS BRUTOS SALTA,16,16,15,2024-04-04 18:23:27,2026-07-01 11:57:08,164062822.76,164062822.76
42202019,PAT LIBRERÍA E IMPRENTA,161,52,161,2017-12-11 11:10:13,2026-07-01 11:57:08,1756212.99,1048585.19
42202020,PAT MOVILIDAD,31,16,31,2018-04-24 17:37:38,2026-07-01 11:57:08,31672262.53,460819.46
42202022,PAT SISTEMAS E INFORMATICA,459,129,459,2017-10-13 14:10:38,2026-07-01 14:54:57,18359162.61,13349068.4
42202023,PAT SUELDOS,2,2,2,2024-08-28 15:15:31,2024-11-21 13:13:11,3225000.0,3225000.0
42202024,PAT TASAS E IMPUESTOS PROVINCIALES,419,152,419,2017-10-12 15:43:36,2026-07-01 11:57:08,120606332.6,89669914.37
42202025,PAT TASAS Y SELLOS VERTEDERO,67,67,67,2026-03-09 12:00:17,2026-07-01 15:55:58,3949113.0,0.0
42202027,PAT SERVICIOS DE GAS,144,38,132,2017-11-28 10:59:05,2026-07-01 11:57:08,20293583.14,14938732.76
42202028,PAT SERVICIOS DE TELEFONOS FIJOS,150,44,150,2017-10-13 17:49:02,2026-07-01 11:57:08,160344.54,135155.9
42202029,PAT SERVICIOS DE TELEFONOS MOVIL,6,0,6,2019-02-01 15:26:25,2021-09-29 12:04:44,0.0,0.0
42202030,PAT OTROS GASTOS PERSONAL,173,56,173,2018-02-26 10:12:59,2026-07-01 11:57:08,4022415.3,3195545.86
42202030,PAT OTROS GASTOS PERSONALES,9,0,9,2017-10-12 13:36:12,2018-10-26 12:17:16,0.0,0.0
42202031,PAT SERVICIO DE VIGILANCIA,282,78,282,2017-10-12 11:13:02,2026-07-01 14:51:29,186399847.69,153437845.37
42202032,PAT GASTOS DE CERTIFICACIONES Y ESCRIBANIA,85,35,85,2017-11-23 14:36:00,2026-07-01 11:57:08,4158258.16,3189118.16
42202033,PAT AMORTIZACIONES DE EQUIPOS DE COMPUTACION,2,0,2,2019-06-18 08:33:22,2019-08-13 12:17:39,0.0,0.0
42203002,PAT CAPACITACION DEL PERSONAL,12,1,12,2019-11-04 13:57:17,2026-03-25 11:30:20,100000.0,0.0
42203003,PAT CORREO / MENSAJERIA,265,85,265,2018-04-04 09:54:31,2026-07-01 11:57:08,2502850.77,1950921.77
42203005,PAT GASTOS LEGALES,7,1,7,2018-04-17 16:44:52,2026-01-26 17:13:43,3000000.0,0.0
42203007,PAT PUBLICIDAD,100,55,100,2022-08-09 14:47:32,2026-07-01 11:57:08,2227762.62,2034636.08
42203009,PAT SERVICIOS DE ELECTRICIDAD,152,42,152,2017-10-12 16:00:33,2026-07-01 11:57:08,16599441.51,14019523.71
42203013,PAT SERVICIOS DE TELEFONOS MOVIL,136,41,136,2017-12-14 14:42:12,2026-07-02 13:13:48,11502389.9,10210581.13
42203014,PAT SUSCRIPCIONES,5,5,5,2024-07-17 15:04:35,2025-05-26 10:18:18,13858.06,13858.06
42203015,PAT GASTOS DE VIAJE Y MOVILIDAD,4,4,4,2025-12-29 10:49:08,2026-07-01 11:57:08,104500.0,31500.0
42205001,PAT DIFERENCIA DE CAMBIO,7,0,7,2019-03-22 11:37:10,2022-04-07 14:05:53,0.0,0.0
42205002,PAT INTERESES BANCARIOS,3,0,3,2019-07-17 11:24:52,2021-04-30 12:40:57,0.0,0.0
42205003,PAT INTERESES IMPOSITIVOS,327,80,312,2017-11-03 10:41:38,2026-07-03 09:30:27,50054672.03,20492634.34
42205004,PAT INTERESES FINANCIEROS,24,6,24,2017-12-20 12:26:28,2025-05-26 10:18:18,3202963.39,3202963.39
42301001,BIO ALQUILERES Y EXPENSAS,16,0,16,2017-10-13 09:59:45,2019-08-13 12:17:39,0.0,0.0
42301007,BIO ANALISIS DE LABORATORIO,5,0,5,2018-06-05 09:19:47,2019-08-13 12:17:39,0.0,0.0
42301008,BIO ASISTENCIA MEDICA,18,0,18,2017-10-13 09:21:27,2019-08-13 12:17:39,0.0,0.0
42301011,BIO GASTOS DE VIAJE Y MOVILIDAD,12,0,12,2017-12-21 09:31:55,2019-08-13 12:17:39,0.0,0.0
42301016,BIO ELEMENTO DE SEGURIDAD,22,3,22,2017-10-18 10:57:39,2025-05-26 10:18:18,4243.8,4243.8
42301020,BIO INDUMENTARIA,8,0,8,2017-10-18 10:57:39,2019-08-13 12:17:39,0.0,0.0
42301021,BIO MATERIALES Y HERRAMIENTAS,86,9,86,2017-10-12 17:28:56,2026-07-01 11:57:08,554982.84,548647.43
42301028,BIO SERVICIOS DE TERCEROS CONTRATADOS,3,0,3,2018-06-29 09:49:41,2019-08-13 12:17:39,0.0,0.0
42301031,BIO MANTENIMIENTO DE MAQUINARIAS,25,0,24,2018-02-21 09:41:57,2019-08-13 12:17:39,0.0,0.0
42301036,BIO SERVICIO DE LIMPIEZA Y DE MANTENIMIENTO,17,0,17,2017-11-10 10:45:07,2022-04-07 14:05:53,0.0,0.0
42301037,BIO LIBRERÍA E IMPRENTA,2,0,2,2017-10-18 13:21:27,2018-10-26 12:17:16,0.0,0.0
42301040,BIO OTROS GASTOS PERSONAL,4,0,4,2018-05-07 11:42:15,2019-08-13 12:17:39,0.0,0.0
42301050,BIO SEGUROS DE CAUCION,8,0,8,2018-05-31 13:08:22,2021-04-30 12:40:57,0.0,0.0
42301056,BIO MANTENIMIENTO,7,0,7,2018-03-13 13:09:12,2019-08-13 12:17:39,0.0,0.0
42302006,BIO GASTOS BANCARIOS,31,0,31,2017-10-11 16:23:24,2021-04-30 12:40:57,0.0,0.0
42302008,BIO FLETE INTERNO,4,0,4,2018-06-21 09:15:12,2019-08-13 12:17:39,0.0,0.0
42302009,BIO GASTOS DE LIMPIEZA,3,0,3,2018-06-05 10:24:40,2019-08-13 12:17:39,0.0,0.0
42302011,BIO HONORARIOS Y SERVICIOS DE GESTIONES,21,0,21,2017-11-09 16:03:23,2021-04-30 12:40:57,0.0,0.0
42302013,BIO IMPUESTOS INTERNOS,18,2,18,2017-10-31 17:18:36,2024-05-08 17:07:09,17119.62,28107.12
42302019,BIO LIBRERÍA E IMPRENTA,2,0,2,2017-12-12 16:06:47,2018-10-26 12:17:16,0.0,0.0
42302024,BIO TASAS E IMPUESTOS PROVINCIALES,2,0,2,2017-12-28 09:22:06,2018-10-26 12:17:16,0.0,0.0
42302030,BIO OTROS GASTOS PERSONAL ,10,0,10,2017-11-30 11:02:20,2019-08-13 12:17:39,0.0,0.0
42302031,BIO SERVICIO DE VIGILANCIA,17,0,17,2017-10-12 11:33:12,2019-08-13 12:17:39,0.0,0.0
42302032,BIO GASTOS DE CERTIFICACIONES Y ESCRIBANIA,3,0,3,2018-05-21 12:34:18,2019-08-13 12:17:39,0.0,0.0
42303003,BIO CORREO / MENSAJERIA,3,0,3,2018-08-27 16:27:32,2019-08-13 12:17:39,0.0,0.0
42303005,BIO GASTOS LEGALES,20,0,20,2017-10-19 15:44:22,2021-04-30 12:40:57,0.0,0.0
42303009,BIO SERVICIOS DE ELECTRICIDAD,21,0,21,2017-10-12 16:09:01,2019-08-13 12:17:39,0.0,0.0
42303015,BIO GASTOS DE VIAJE Y MOVILIDAD,7,0,7,2017-12-21 09:31:55,2019-08-13 12:17:39,0.0,0.0
42305001,BIO DIFERENCIA DE CAMBIO,5,2,5,2018-06-01 16:12:40,2026-07-01 11:57:08,0.01,0.01
42305004,BIO INTERESES FINANCIEROS,69,0,69,2017-10-12 08:33:04,2021-04-30 12:40:57,0.0,0.0
42305005,BIO GASTOS POR PRESTAMOS,8,0,8,2018-05-31 13:10:35,2019-08-13 12:17:39,0.0,0.0
431,IMPUESTOS A LAS GANANCIAS,25,10,25,2018-10-26 12:05:02,2026-07-01 11:57:08,1225082340.98,1225082340.98
432,IMPUESTO ESPECIAL REVALUO IMPOSITIVO,3,0,3,2020-05-28 14:48:27,2021-04-30 12:40:57,0.0,0.0
