MesContable,MesCreacion,Numero,Cuenta,TipoSaldo,TipoOrigen,Cant,Total_Importe1,Importe_cierre,Importe_operativo
b'2024-01',b'2024-01',21301001,SUELDOS Y JORNALES A PAGAR BS AS,0,2,11,14508493.0,0.0,14508493.0
b'2023-01',b'2024-01',21301001,SUELDOS Y JORNALES A PAGAR BS AS,1,0,1,5576832.0,5576832.0,0.0
b'2023-12',b'2024-01',21301001,SUELDOS Y JORNALES A PAGAR BS AS,1,0,1,16095641.0,0.0,16095641.0
b'2024-02',b'2024-02',21301001,SUELDOS Y JORNALES A PAGAR BS AS,0,2,5,13906520.0,0.0,13906520.0
b'2024-01',b'2024-02',21301001,SUELDOS Y JORNALES A PAGAR BS AS,1,0,1,19175708.0,0.0,19175708.0
b'2024-03',b'2024-03',21301001,SUELDOS Y JORNALES A PAGAR BS AS,0,2,14,24293721.0,0.0,24293721.0
b'2024-02',b'2024-03',21301001,SUELDOS Y JORNALES A PAGAR BS AS,1,0,1,18314723.0,18314723.0,0.0
b'2024-04',b'2024-04',21301001,SUELDOS Y JORNALES A PAGAR BS AS,0,2,8,19649121.0,0.0,19649121.0
b'2023-12',b'2024-04',21301001,SUELDOS Y JORNALES A PAGAR BS AS,0,0,1,9284455.0,9284455.0,0.0
b'2024-03',b'2024-04',21301001,SUELDOS Y JORNALES A PAGAR BS AS,1,0,1,37217876.0,0.0,37217876.0
b'2024-05',b'2024-05',21301001,SUELDOS Y JORNALES A PAGAR BS AS,0,2,8,23053650.0,0.0,23053650.0
b'2023-12',b'2024-05',21301001,SUELDOS Y JORNALES A PAGAR BS AS,0,11,1,12557952.0,12557952.0,0.0
b'2024-03',b'2024-05',21301001,SUELDOS Y JORNALES A PAGAR BS AS,0,2,2,22213368.0,0.0,22213368.0
b'2024-04',b'2024-05',21301001,SUELDOS Y JORNALES A PAGAR BS AS,0,2,1,35730.0,0.0,35730.0
b'2024-03',b'2024-05',21301001,SUELDOS Y JORNALES A PAGAR BS AS,1,2,2,9093611.0,0.0,9093611.0
b'2024-06',b'2024-06',21301001,SUELDOS Y JORNALES A PAGAR BS AS,0,2,9,35652113.0,0.0,35652113.0
b'2024-05',b'2024-06',21301001,SUELDOS Y JORNALES A PAGAR BS AS,0,2,1,68400.0,0.0,68400.0
b'2024-07',b'2024-07',21301001,SUELDOS Y JORNALES A PAGAR BS AS,0,2,6,29944434.0,0.0,29944434.0
b'2024-08',b'2024-08',21301001,SUELDOS Y JORNALES A PAGAR BS AS,0,2,6,29978101.0,0.0,29978101.0
b'2024-09',b'2024-09',21301001,SUELDOS Y JORNALES A PAGAR BS AS,0,2,7,34504632.0,0.0,34504632.0
b'2024-01',b'2024-09',21301001,SUELDOS Y JORNALES A PAGAR BS AS,1,0,1,12557952.0,12557952.0,0.0
b'2024-10',b'2024-10',21301001,SUELDOS Y JORNALES A PAGAR BS AS,0,2,8,31228297.0,0.0,31228297.0
b'2024-04',b'2024-10',21301001,SUELDOS Y JORNALES A PAGAR BS AS,1,0,1,24049380.0,0.0,24049380.0
b'2024-08',b'2024-10',21301001,SUELDOS Y JORNALES A PAGAR BS AS,1,0,1,34104632.0,0.0,34104632.0
b'2024-06',b'2024-10',21301001,SUELDOS Y JORNALES A PAGAR BS AS,1,0,1,40655532.0,0.0,40655532.0
b'2024-09',b'2024-10',21301001,SUELDOS Y JORNALES A PAGAR BS AS,1,0,1,29978047.0,0.0,29978047.0
b'2024-05',b'2024-10',21301001,SUELDOS Y JORNALES A PAGAR BS AS,1,0,1,25909415.0,0.0,25909415.0
b'2024-07',b'2024-10',21301001,SUELDOS Y JORNALES A PAGAR BS AS,1,0,1,30178101.0,0.0,30178101.0
b'2024-11',b'2024-11',21301001,SUELDOS Y JORNALES A PAGAR BS AS,0,2,9,53608875.0,0.0,53608875.0
b'2024-10',b'2024-11',21301001,SUELDOS Y JORNALES A PAGAR BS AS,0,2,2,200000.0,0.0,200000.0
b'2024-10',b'2024-11',21301001,SUELDOS Y JORNALES A PAGAR BS AS,1,2,1,100000.0,0.0,100000.0
b'2024-12',b'2024-12',21301001,SUELDOS Y JORNALES A PAGAR BS AS,0,2,9,50430166.0,0.0,50430166.0
b'2024-11',b'2024-12',21301001,SUELDOS Y JORNALES A PAGAR BS AS,0,2,1,90000.0,0.0,90000.0
b'2024-12',b'2024-12',21301001,SUELDOS Y JORNALES A PAGAR BS AS,1,2,1,3662205.0,0.0,3662205.0
b'2025-01',b'2025-01',21301001,SUELDOS Y JORNALES A PAGAR BS AS,0,2,9,31488591.0,0.0,31488591.0
b'2025-01',b'2025-01',21301001,SUELDOS Y JORNALES A PAGAR BS AS,1,2,1,142003.0,0.0,142003.0
b'2025-02',b'2025-02',21301001,SUELDOS Y JORNALES A PAGAR BS AS,0,2,5,35993674.0,0.0,35993674.0
b'2024-12',b'2025-03',21301001,SUELDOS Y JORNALES A PAGAR BS AS,0,0,1,4482157.0,4482157.0,0.0
b'2025-02',b'2025-03',21301001,SUELDOS Y JORNALES A PAGAR BS AS,0,2,1,104850.0,0.0,104850.0
b'2025-03',b'2025-03',21301001,SUELDOS Y JORNALES A PAGAR BS AS,0,2,8,51258372.5,0.0,51258372.5
b'2024-10',b'2025-03',21301001,SUELDOS Y JORNALES A PAGAR BS AS,1,0,1,33004119.0,33004119.0,0.0
b'2025-03',b'2025-03',21301001,SUELDOS Y JORNALES A PAGAR BS AS,1,2,1,14220970.0,0.0,14220970.0
b'2024-11',b'2025-03',21301001,SUELDOS Y JORNALES A PAGAR BS AS,1,0,1,52955037.0,52955037.0,0.0
b'2024-12',b'2025-03',21301001,SUELDOS Y JORNALES A PAGAR BS AS,1,0,1,48084268.0,0.0,48084268.0
b'2025-04',b'2025-04',21301001,SUELDOS Y JORNALES A PAGAR BS AS,0,2,8,33044773.0,0.0,33044773.0
b'2025-05',b'2025-05',21301001,SUELDOS Y JORNALES A PAGAR BS AS,0,2,6,41399659.0,0.0,41399659.0
b'2024-12',b'2025-05',21301001,SUELDOS Y JORNALES A PAGAR BS AS,0,11,1,31192828.0,31192828.0,0.0
b'2025-01',b'2025-05',21301001,SUELDOS Y JORNALES A PAGAR BS AS,1,0,1,31192828.0,31192828.0,0.0
b'2025-06',b'2025-06',21301001,SUELDOS Y JORNALES A PAGAR BS AS,0,2,9,63921479.0,0.0,63921479.0
b'2025-03',b'2025-06',21301001,SUELDOS Y JORNALES A PAGAR BS AS,1,0,1,33231644.5,0.0,33231644.5
b'2025-04',b'2025-06',21301001,SUELDOS Y JORNALES A PAGAR BS AS,1,0,1,41199679.0,0.0,41199679.0
b'2025-01',b'2025-06',21301001,SUELDOS Y JORNALES A PAGAR BS AS,1,0,1,35913674.0,35913674.0,0.0
b'2025-02',b'2025-06',21301001,SUELDOS Y JORNALES A PAGAR BS AS,1,0,1,36787381.0,36787381.0,0.0
b'2025-06',b'2025-07',21301001,SUELDOS Y JORNALES A PAGAR BS AS,0,0,1,75057813.9,0.0,75057813.9
b'2025-06',b'2025-07',21301001,SUELDOS Y JORNALES A PAGAR BS AS,1,0,1,143942850.0,0.0,143942850.0
b'2025-05',b'2025-07',21301001,SUELDOS Y JORNALES A PAGAR BS AS,1,0,1,43973918.0,0.0,43973918.0
b'2025-08',b'2025-08',21301001,SUELDOS Y JORNALES A PAGAR BS AS,0,2,7,51701411.1,0.0,51701411.1
b'2025-07',b'2025-08',21301001,SUELDOS Y JORNALES A PAGAR BS AS,0,2,6,48842808.0,0.0,48842808.0
b'2025-09',b'2025-09',21301001,SUELDOS Y JORNALES A PAGAR BS AS,0,2,5,40387251.0,0.0,40387251.0
b'2025-07',b'2025-09',21301001,SUELDOS Y JORNALES A PAGAR BS AS,1,0,1,51356744.0,51356744.0,0.0
b'2025-10',b'2025-10',21301001,SUELDOS Y JORNALES A PAGAR BS AS,0,2,3,43182519.0,0.0,43182519.0
b'2025-11',b'2025-11',21301001,SUELDOS Y JORNALES A PAGAR BS AS,0,2,7,47893013.0,0.0,47893013.0
b'2025-11',b'2025-12',21301001,SUELDOS Y JORNALES A PAGAR BS AS,0,2,1,100000.0,0.0,100000.0
b'2025-12',b'2025-12',21301001,SUELDOS Y JORNALES A PAGAR BS AS,0,2,4,79658474.68,0.0,79658474.68
b'2025-11',b'2025-12',21301001,SUELDOS Y JORNALES A PAGAR BS AS,1,2,1,100000.0,0.0,100000.0
b'2025-10',b'2026-01',21301001,SUELDOS Y JORNALES A PAGAR BS AS,0,2,1,250000.0,0.0,250000.0
b'2025-11',b'2026-01',21301001,SUELDOS Y JORNALES A PAGAR BS AS,0,0,1,61264.0,61264.0,0.0
b'2026-01',b'2026-01',21301001,SUELDOS Y JORNALES A PAGAR BS AS,0,2,5,58029191.44,0.0,58029191.44
b'2025-08',b'2026-01',21301001,SUELDOS Y JORNALES A PAGAR BS AS,1,0,1,40870255.0,40870255.0,0.0
b'2025-09',b'2026-01',21301001,SUELDOS Y JORNALES A PAGAR BS AS,1,0,1,43632519.0,43632519.0,0.0
b'2025-10',b'2026-01',21301001,SUELDOS Y JORNALES A PAGAR BS AS,1,0,1,47702563.0,47702563.0,0.0
b'2025-11',b'2026-01',21301001,SUELDOS Y JORNALES A PAGAR BS AS,1,0,1,67361426.0,67361426.0,0.0
b'2026-02',b'2026-02',21301001,SUELDOS Y JORNALES A PAGAR BS AS,0,2,3,46863174.0,0.0,46863174.0
b'2026-03',b'2026-03',21301001,SUELDOS Y JORNALES A PAGAR BS AS,0,2,6,68416561.0,0.0,68416561.0
b'2026-03',b'2026-03',21301001,SUELDOS Y JORNALES A PAGAR BS AS,1,2,1,19681797.0,0.0,19681797.0
b'2026-04',b'2026-04',21301001,SUELDOS Y JORNALES A PAGAR BS AS,0,2,5,62311923.0,0.0,62311923.0
b'2026-05',b'2026-05',21301001,SUELDOS Y JORNALES A PAGAR BS AS,0,2,4,57120656.0,0.0,57120656.0
b'2025-12',b'2026-05',21301001,SUELDOS Y JORNALES A PAGAR BS AS,0,0,1,0.88,0.88,0.0
b'2026-05',b'2026-05',21301001,SUELDOS Y JORNALES A PAGAR BS AS,1,2,1,1710365.0,0.0,1710365.0
b'2025-12',b'2026-05',21301001,SUELDOS Y JORNALES A PAGAR BS AS,1,0,1,70446691.0,0.0,70446691.0
b'2026-06',b'2026-06',21301001,SUELDOS Y JORNALES A PAGAR BS AS,0,2,4,74238089.0,0.0,74238089.0
b'2026-04',b'2026-06',21301001,SUELDOS Y JORNALES A PAGAR BS AS,0,2,1,26142695.0,0.0,26142695.0
b'2026-01',b'2026-06',21301001,SUELDOS Y JORNALES A PAGAR BS AS,0,2,1,2203515.0,0.0,2203515.0
b'2026-04',b'2026-06',21301001,SUELDOS Y JORNALES A PAGAR BS AS,1,2,1,26142695.0,0.0,26142695.0
b'2026-07',b'2026-07',21301001,SUELDOS Y JORNALES A PAGAR BS AS,0,2,1,100000.0,0.0,100000.0
b'2025-12',b'2026-07',21301001,SUELDOS Y JORNALES A PAGAR BS AS,0,11,1,57729191.44,57729191.44,0.0
b'2026-07',b'2026-07',21301001,SUELDOS Y JORNALES A PAGAR BS AS,1,0,1,57729191.44,57729191.44,0.0
b'2023-12',b'2024-01',21301002,SUELDOS Y JORNALES A PAGAR PATOGENICOS,0,2,1,14417.59,0.0,14417.59
b'2024-01',b'2024-01',21301002,SUELDOS Y JORNALES A PAGAR PATOGENICOS,0,2,9,14257480.0,0.0,14257480.0
b'2023-01',b'2024-01',21301002,SUELDOS Y JORNALES A PAGAR PATOGENICOS,1,0,1,3699076.0,3699076.0,0.0
b'2023-12',b'2024-01',21301002,SUELDOS Y JORNALES A PAGAR PATOGENICOS,1,0,1,17750084.59,0.0,17750084.59
b'2024-02',b'2024-02',21301002,SUELDOS Y JORNALES A PAGAR PATOGENICOS,0,2,15,26347009.0,0.0,26347009.0
b'2024-01',b'2024-02',21301002,SUELDOS Y JORNALES A PAGAR PATOGENICOS,1,0,1,22027721.0,0.0,22027721.0
b'2024-02',b'2024-02',21301002,SUELDOS Y JORNALES A PAGAR PATOGENICOS,1,2,1,3000000.0,0.0,3000000.0
b'2024-03',b'2024-03',21301002,SUELDOS Y JORNALES A PAGAR PATOGENICOS,0,2,8,24160148.0,0.0,24160148.0
b'2024-02',b'2024-03',21301002,SUELDOS Y JORNALES A PAGAR PATOGENICOS,1,0,1,20840713.3,20840713.3,0.0
b'2024-03',b'2024-03',21301002,SUELDOS Y JORNALES A PAGAR PATOGENICOS,1,2,1,3331745.0,0.0,3331745.0
b'2024-04',b'2024-04',21301002,SUELDOS Y JORNALES A PAGAR PATOGENICOS,0,2,9,25572649.0,0.0,25572649.0
b'2023-12',b'2024-04',21301002,SUELDOS Y JORNALES A PAGAR PATOGENICOS,1,0,1,10125345.86,10125345.86,0.0
b'2024-03',b'2024-04',21301002,SUELDOS Y JORNALES A PAGAR PATOGENICOS,1,0,1,24012826.9,0.0,24012826.9
b'2023-12',b'2024-05',21301002,SUELDOS Y JORNALES A PAGAR PATOGENICOS,0,11,1,11013021.0,11013021.0,0.0
b'2024-05',b'2024-05',21301002,SUELDOS Y JORNALES A PAGAR PATOGENICOS,0,2,9,28881285.0,0.0,28881285.0
b'2024-06',b'2024-06',21301002,SUELDOS Y JORNALES A PAGAR PATOGENICOS,0,2,7,37282197.0,0.0,37282197.0
b'2024-07',b'2024-07',21301002,SUELDOS Y JORNALES A PAGAR PATOGENICOS,0,2,7,27193635.0,0.0,27193635.0
b'2024-08',b'2024-08',21301002,SUELDOS Y JORNALES A PAGAR PATOGENICOS,0,2,8,28685740.0,0.0,28685740.0
b'2024-08',b'2024-09',21301002,SUELDOS Y JORNALES A PAGAR PATOGENICOS,0,2,1,125000.0,0.0,125000.0
b'2024-09',b'2024-09',21301002,SUELDOS Y JORNALES A PAGAR PATOGENICOS,0,2,11,32261556.0,0.0,32261556.0
b'2024-01',b'2024-09',21301002,SUELDOS Y JORNALES A PAGAR PATOGENICOS,1,0,1,11013021.0,11013021.0,0.0
b'2024-10',b'2024-10',21301002,SUELDOS Y JORNALES A PAGAR PATOGENICOS,0,2,10,31140012.0,0.0,31140012.0
b'2024-07',b'2024-10',21301002,SUELDOS Y JORNALES A PAGAR PATOGENICOS,1,0,1,28336140.0,0.0,28336140.0
b'2024-04',b'2024-10',21301002,SUELDOS Y JORNALES A PAGAR PATOGENICOS,1,0,1,30519715.0,0.0,30519715.0
b'2024-08',b'2024-10',21301002,SUELDOS Y JORNALES A PAGAR PATOGENICOS,1,0,1,29081562.0,0.0,29081562.0
b'2024-06',b'2024-10',21301002,SUELDOS Y JORNALES A PAGAR PATOGENICOS,1,0,1,37782002.0,0.0,37782002.0
b'2024-09',b'2024-10',21301002,SUELDOS Y JORNALES A PAGAR PATOGENICOS,1,0,1,31171795.68,0.0,31171795.68
b'2024-05',b'2024-10',21301002,SUELDOS Y JORNALES A PAGAR PATOGENICOS,1,0,1,26758790.0,0.0,26758790.0
b'2024-11',b'2024-11',21301002,SUELDOS Y JORNALES A PAGAR PATOGENICOS,0,2,10,33568370.0,0.0,33568370.0
b'2024-09',b'2024-11',21301002,SUELDOS Y JORNALES A PAGAR PATOGENICOS,1,2,1,3225000.0,0.0,3225000.0
b'2024-10',b'2024-11',21301002,SUELDOS Y JORNALES A PAGAR PATOGENICOS,1,2,1,9870.0,0.0,9870.0
b'2024-12',b'2024-12',21301002,SUELDOS Y JORNALES A PAGAR PATOGENICOS,0,2,9,46825075.0,0.0,46825075.0
b'2025-01',b'2025-01',21301002,SUELDOS Y JORNALES A PAGAR PATOGENICOS,0,2,11,40494758.0,0.0,40494758.0
b'2025-02',b'2025-02',21301002,SUELDOS Y JORNALES A PAGAR PATOGENICOS,0,2,7,57057887.0,0.0,57057887.0
b'2025-02',b'2025-03',21301002,SUELDOS Y JORNALES A PAGAR PATOGENICOS,0,2,4,750000.0,0.0,750000.0
b'2025-03',b'2025-03',21301002,SUELDOS Y JORNALES A PAGAR PATOGENICOS,0,2,12,45840498.0,0.0,45840498.0
b'2024-10',b'2025-03',21301002,SUELDOS Y JORNALES A PAGAR PATOGENICOS,1,0,1,33934370.0,33934370.0,0.0
b'2024-11',b'2025-03',21301002,SUELDOS Y JORNALES A PAGAR PATOGENICOS,1,0,1,34406446.0,34406446.0,0.0
b'2024-12',b'2025-03',21301002,SUELDOS Y JORNALES A PAGAR PATOGENICOS,1,0,2,56151196.12,3838357.12,52312839.0
b'2025-04',b'2025-04',21301002,SUELDOS Y JORNALES A PAGAR PATOGENICOS,0,2,8,44808404.0,0.0,44808404.0
b'2025-05',b'2025-05',21301002,SUELDOS Y JORNALES A PAGAR PATOGENICOS,0,2,10,51516065.0,0.0,51516065.0
b'2024-12',b'2025-05',21301002,SUELDOS Y JORNALES A PAGAR PATOGENICOS,0,11,1,39302758.0,39302758.0,0.0
b'2025-01',b'2025-05',21301002,SUELDOS Y JORNALES A PAGAR PATOGENICOS,1,0,1,39302758.0,39302758.0,0.0
b'2025-06',b'2025-06',21301002,SUELDOS Y JORNALES A PAGAR PATOGENICOS,0,2,9,57481996.0,0.0,57481996.0
b'2025-02',b'2025-06',21301002,SUELDOS Y JORNALES A PAGAR PATOGENICOS,1,0,1,54770498.0,54770498.0,0.0
b'2025-03',b'2025-06',21301002,SUELDOS Y JORNALES A PAGAR PATOGENICOS,1,0,1,47148404.0,0.0,47148404.0
b'2025-04',b'2025-06',21301002,SUELDOS Y JORNALES A PAGAR PATOGENICOS,1,0,1,50595071.8,0.0,50595071.8
b'2025-01',b'2025-06',21301002,SUELDOS Y JORNALES A PAGAR PATOGENICOS,1,0,1,46879887.0,46879887.0,0.0
b'2025-06',b'2025-07',21301002,SUELDOS Y JORNALES A PAGAR PATOGENICOS,1,0,1,63292382.0,0.0,63292382.0
b'2025-05',b'2025-07',21301002,SUELDOS Y JORNALES A PAGAR PATOGENICOS,1,0,1,42763469.0,0.0,42763469.0
b'2025-07',b'2025-08',21301002,SUELDOS Y JORNALES A PAGAR PATOGENICOS,0,2,9,52449429.0,0.0,52449429.0
b'2025-08',b'2025-08',21301002,SUELDOS Y JORNALES A PAGAR PATOGENICOS,0,2,9,46596307.0,0.0,46596307.0
b'2025-07',b'2025-08',21301002,SUELDOS Y JORNALES A PAGAR PATOGENICOS,1,2,1,4075571.0,0.0,4075571.0
b'2025-09',b'2025-09',21301002,SUELDOS Y JORNALES A PAGAR PATOGENICOS,0,2,12,46351788.0,0.0,46351788.0
b'2025-07',b'2025-09',21301002,SUELDOS Y JORNALES A PAGAR PATOGENICOS,1,0,1,46663062.0,46663062.0,0.0
b'2025-10',b'2025-10',21301002,SUELDOS Y JORNALES A PAGAR PATOGENICOS,0,2,4,45246818.0,0.0,45246818.0
b'2025-11',b'2025-11',21301002,SUELDOS Y JORNALES A PAGAR PATOGENICOS,0,2,8,48595356.0,0.0,48595356.0
b'2025-12',b'2025-12',21301002,SUELDOS Y JORNALES A PAGAR PATOGENICOS,0,2,12,101124966.52,0.0,101124966.52
b'2025-10',b'2025-12',21301002,SUELDOS Y JORNALES A PAGAR PATOGENICOS,0,2,3,1700000.0,0.0,1700000.0
b'2025-12',b'2025-12',21301002,SUELDOS Y JORNALES A PAGAR PATOGENICOS,1,2,3,20936703.0,0.0,20936703.0
b'2026-01',b'2026-01',21301002,SUELDOS Y JORNALES A PAGAR PATOGENICOS,0,2,10,67567768.48,0.0,67567768.48
b'2025-11',b'2026-01',21301002,SUELDOS Y JORNALES A PAGAR PATOGENICOS,0,0,1,29003.38,29003.38,0.0
b'2025-10',b'2026-01',21301002,SUELDOS Y JORNALES A PAGAR PATOGENICOS,0,2,1,100000.0,0.0,100000.0
b'2025-08',b'2026-01',21301002,SUELDOS Y JORNALES A PAGAR PATOGENICOS,1,0,1,45769033.0,45769033.0,0.0
b'2025-09',b'2026-01',21301002,SUELDOS Y JORNALES A PAGAR PATOGENICOS,1,0,1,47362818.0,47362818.0,0.0
b'2025-10',b'2026-01',21301002,SUELDOS Y JORNALES A PAGAR PATOGENICOS,1,0,1,48395355.58,48395355.58,0.0
b'2025-11',b'2026-01',21301002,SUELDOS Y JORNALES A PAGAR PATOGENICOS,1,0,1,73494777.0,73494777.0,0.0
b'2026-02',b'2026-02',21301002,SUELDOS Y JORNALES A PAGAR PATOGENICOS,0,2,9,60800596.0,0.0,60800596.0
b'2026-03',b'2026-03',21301002,SUELDOS Y JORNALES A PAGAR PATOGENICOS,0,2,12,65138724.0,0.0,65138724.0
b'2026-04',b'2026-04',21301002,SUELDOS Y JORNALES A PAGAR PATOGENICOS,0,2,10,62396206.0,0.0,62396206.0
b'2026-05',b'2026-05',21301002,SUELDOS Y JORNALES A PAGAR PATOGENICOS,0,2,10,71273490.0,0.0,71273490.0
b'2025-12',b'2026-05',21301002,SUELDOS Y JORNALES A PAGAR PATOGENICOS,1,0,2,73621255.0,2791478.0,70829777.0
b'2026-04',b'2026-06',21301002,SUELDOS Y JORNALES A PAGAR PATOGENICOS,0,2,1,2605358.0,0.0,2605358.0
b'2026-06',b'2026-06',21301002,SUELDOS Y JORNALES A PAGAR PATOGENICOS,0,2,10,87514998.5,0.0,87514998.5
b'2026-04',b'2026-06',21301002,SUELDOS Y JORNALES A PAGAR PATOGENICOS,1,2,1,2605358.0,0.0,2605358.0
b'2025-12',b'2026-07',21301002,SUELDOS Y JORNALES A PAGAR PATOGENICOS,0,11,1,64927768.48,64927768.48,0.0
b'2026-07',b'2026-07',21301002,SUELDOS Y JORNALES A PAGAR PATOGENICOS,1,0,1,64927768.48,64927768.48,0.0
b'2024-01',b'2024-01',21301003,RETENCION Y EMBARGO JUDICIALES,0,2,5,646017.79,0.0,646017.79
b'2023-12',b'2024-01',21301003,RETENCION Y EMBARGO JUDICIALES,1,0,1,898650.61,0.0,898650.61
b'2023-01',b'2024-01',21301003,RETENCION Y EMBARGO JUDICIALES,1,0,1,175660.0,175660.0,0.0
b'2024-02',b'2024-02',21301003,RETENCION Y EMBARGO JUDICIALES,0,2,4,768370.75,0.0,768370.75
b'2024-01',b'2024-02',21301003,RETENCION Y EMBARGO JUDICIALES,1,0,1,768370.75,0.0,768370.75
b'2024-03',b'2024-03',21301003,RETENCION Y EMBARGO JUDICIALES,0,2,4,1011351.87,0.0,1011351.87
b'2024-02',b'2024-03',21301003,RETENCION Y EMBARGO JUDICIALES,1,0,1,1011351.87,1011351.87,0.0
b'2024-04',b'2024-04',21301003,RETENCION Y EMBARGO JUDICIALES,0,2,4,1337262.39,0.0,1337262.39
b'2024-03',b'2024-04',21301003,RETENCION Y EMBARGO JUDICIALES,1,0,1,1337262.39,0.0,1337262.39
b'2023-12',b'2024-04',21301003,RETENCION Y EMBARGO JUDICIALES,1,0,1,579471.32,579471.32,0.0
b'2024-05',b'2024-05',21301003,RETENCION Y EMBARGO JUDICIALES,0,2,4,1581556.3,0.0,1581556.3
b'2023-12',b'2024-05',21301003,RETENCION Y EMBARGO JUDICIALES,0,11,1,646017.79,646017.79,0.0
b'2024-06',b'2024-06',21301003,RETENCION Y EMBARGO JUDICIALES,0,2,8,2126292.96,0.0,2126292.96
b'2024-07',b'2024-07',21301003,RETENCION Y EMBARGO JUDICIALES,0,2,4,1666813.49,0.0,1666813.49
b'2024-08',b'2024-08',21301003,RETENCION Y EMBARGO JUDICIALES,0,2,4,1684230.04,0.0,1684230.04
b'2024-09',b'2024-09',21301003,RETENCION Y EMBARGO JUDICIALES,0,2,5,1921366.0,0.0,1921366.0
b'2024-01',b'2024-09',21301003,RETENCION Y EMBARGO JUDICIALES,1,0,1,646017.79,646017.79,0.0
b'2024-10',b'2024-10',21301003,RETENCION Y EMBARGO JUDICIALES,0,2,6,2279405.88,0.0,2279405.88
b'2024-08',b'2024-10',21301003,RETENCION Y EMBARGO JUDICIALES,1,0,1,1921366.0,0.0,1921366.0
b'2024-05',b'2024-10',21301003,RETENCION Y EMBARGO JUDICIALES,1,0,1,1576280.39,0.0,1576280.39
b'2024-04',b'2024-10',21301003,RETENCION Y EMBARGO JUDICIALES,1,0,1,1581556.3,0.0,1581556.3
b'2024-09',b'2024-10',21301003,RETENCION Y EMBARGO JUDICIALES,1,0,1,2279405.88,0.0,2279405.88
b'2024-06',b'2024-10',21301003,RETENCION Y EMBARGO JUDICIALES,1,0,1,2216826.06,0.0,2216826.06
b'2024-07',b'2024-10',21301003,RETENCION Y EMBARGO JUDICIALES,1,0,1,1684230.04,0.0,1684230.04
b'2024-11',b'2024-11',21301003,RETENCION Y EMBARGO JUDICIALES,0,2,6,2007567.49,0.0,2007567.49
b'2024-12',b'2024-12',21301003,RETENCION Y EMBARGO JUDICIALES,0,2,9,2876436.0,0.0,2876436.0
b'2025-01',b'2025-01',21301003,RETENCION Y EMBARGO JUDICIALES,0,2,6,2249608.96,0.0,2249608.96
b'2025-02',b'2025-02',21301003,RETENCION Y EMBARGO JUDICIALES,0,2,5,2244171.04,0.0,2244171.04
b'2025-03',b'2025-03',21301003,RETENCION Y EMBARGO JUDICIALES,0,2,4,2098926.69,0.0,2098926.69
b'2024-12',b'2025-03',21301003,RETENCION Y EMBARGO JUDICIALES,0,0,1,90548.05,90548.05,0.0
b'2024-10',b'2025-03',21301003,RETENCION Y EMBARGO JUDICIALES,1,0,1,2007567.49,2007567.49,0.0
b'2024-11',b'2025-03',21301003,RETENCION Y EMBARGO JUDICIALES,1,0,1,2190165.45,2190165.45,0.0
b'2024-12',b'2025-03',21301003,RETENCION Y EMBARGO JUDICIALES,1,0,1,2935879.51,0.0,2935879.51
b'2025-04',b'2025-04',21301003,RETENCION Y EMBARGO JUDICIALES,0,2,4,2044903.27,0.0,2044903.27
b'2024-12',b'2025-05',21301003,RETENCION Y EMBARGO JUDICIALES,0,11,1,2159060.91,2159060.91,0.0
b'2025-05',b'2025-05',21301003,RETENCION Y EMBARGO JUDICIALES,0,2,4,2348200.82,0.0,2348200.82
b'2025-01',b'2025-05',21301003,RETENCION Y EMBARGO JUDICIALES,1,0,1,2159060.91,2159060.91,0.0
b'2025-06',b'2025-06',21301003,RETENCION Y EMBARGO JUDICIALES,0,2,9,3299725.19,0.0,3299725.19
b'2025-06',b'2025-06',21301003,RETENCION Y EMBARGO JUDICIALES,1,2,1,352855.7,0.0,352855.7
b'2025-03',b'2025-06',21301003,RETENCION Y EMBARGO JUDICIALES,1,0,1,2044903.27,0.0,2044903.27
b'2025-01',b'2025-06',21301003,RETENCION Y EMBARGO JUDICIALES,1,0,1,2334719.09,2334719.09,0.0
b'2025-04',b'2025-06',21301003,RETENCION Y EMBARGO JUDICIALES,1,0,1,2348200.82,0.0,2348200.82
b'2025-02',b'2025-06',21301003,RETENCION Y EMBARGO JUDICIALES,1,0,1,2098926.69,2098926.69,0.0
b'2025-06',b'2025-07',21301003,RETENCION Y EMBARGO JUDICIALES,1,0,1,3147154.72,0.0,3147154.72
b'2025-05',b'2025-07',21301003,RETENCION Y EMBARGO JUDICIALES,1,0,1,2169877.49,0.0,2169877.49
b'2025-08',b'2025-08',21301003,RETENCION Y EMBARGO JUDICIALES,0,2,6,3117580.44,0.0,3117580.44
b'2025-07',b'2025-08',21301003,RETENCION Y EMBARGO JUDICIALES,0,2,4,2370162.72,0.0,2370162.72
b'2025-09',b'2025-09',21301003,RETENCION Y EMBARGO JUDICIALES,0,2,6,2955196.49,0.0,2955196.49
b'2025-07',b'2025-09',21301003,RETENCION Y EMBARGO JUDICIALES,1,0,1,3117580.44,3117580.44,0.0
b'2025-10',b'2025-10',21301003,RETENCION Y EMBARGO JUDICIALES,0,2,5,2922932.22,0.0,2922932.22
b'2025-11',b'2025-11',21301003,RETENCION Y EMBARGO JUDICIALES,0,2,7,3516972.97,0.0,3516972.97
b'2025-12',b'2025-12',21301003,RETENCION Y EMBARGO JUDICIALES,0,2,14,4592859.81,0.0,4592859.81
b'2026-01',b'2026-01',21301003,RETENCION Y EMBARGO JUDICIALES,0,2,7,3682543.71,0.0,3682543.71
b'2025-08',b'2026-01',21301003,RETENCION Y EMBARGO JUDICIALES,1,0,1,2955196.49,2955196.49,0.0
b'2025-09',b'2026-01',21301003,RETENCION Y EMBARGO JUDICIALES,1,0,1,2922932.22,2922932.22,0.0
b'2025-10',b'2026-01',21301003,RETENCION Y EMBARGO JUDICIALES,1,0,1,3516972.97,3516972.97,0.0
b'2025-11',b'2026-01',21301003,RETENCION Y EMBARGO JUDICIALES,1,0,1,3352711.15,3352711.15,0.0
b'2026-02',b'2026-02',21301003,RETENCION Y EMBARGO JUDICIALES,0,2,6,3682918.96,0.0,3682918.96
b'2026-03',b'2026-03',21301003,RETENCION Y EMBARGO JUDICIALES,0,2,6,3911866.17,0.0,3911866.17
b'2026-04',b'2026-04',21301003,RETENCION Y EMBARGO JUDICIALES,0,2,6,3479676.37,0.0,3479676.37
b'2026-05',b'2026-05',21301003,RETENCION Y EMBARGO JUDICIALES,0,2,6,4654420.02,0.0,4654420.02
b'2025-12',b'2026-05',21301003,RETENCION Y EMBARGO JUDICIALES,1,0,2,4922692.37,1240148.66,3682543.71
b'2026-06',b'2026-06',21301003,RETENCION Y EMBARGO JUDICIALES,0,2,14,5907600.04,0.0,5907600.04
b'2026-06',b'2026-06',21301003,RETENCION Y EMBARGO JUDICIALES,1,2,1,446518.48,0.0,446518.48
b'2025-12',b'2026-07',21301003,RETENCION Y EMBARGO JUDICIALES,0,11,1,3682543.71,3682543.71,0.0
b'2026-07',b'2026-07',21301003,RETENCION Y EMBARGO JUDICIALES,1,0,1,3682543.71,3682543.71,0.0
b'2024-01',b'2024-01',21302001,CONTRIBUCIONES SEGURIDAD SOCIAL,0,2,1,6662126.82,0.0,6662126.82
b'2023-12',b'2024-01',21302001,CONTRIBUCIONES SEGURIDAD SOCIAL,1,0,1,6662126.82,0.0,6662126.82
b'2023-01',b'2024-01',21302001,CONTRIBUCIONES SEGURIDAD SOCIAL,1,0,1,2171538.5,2171538.5,0.0
b'2024-02',b'2024-02',21302001,CONTRIBUCIONES SEGURIDAD SOCIAL,0,2,1,5868576.83,0.0,5868576.83
b'2024-01',b'2024-02',21302001,CONTRIBUCIONES SEGURIDAD SOCIAL,1,0,1,5868576.83,0.0,5868576.83
b'2024-03',b'2024-03',21302001,CONTRIBUCIONES SEGURIDAD SOCIAL,0,2,1,6906610.71,0.0,6906610.71
b'2024-04',b'2024-04',21302001,CONTRIBUCIONES SEGURIDAD SOCIAL,0,2,1,6469045.54,0.0,6469045.54
b'2024-03',b'2024-04',21302001,CONTRIBUCIONES SEGURIDAD SOCIAL,1,0,1,6469045.54,0.0,6469045.54
b'2023-12',b'2024-05',21302001,CONTRIBUCIONES SEGURIDAD SOCIAL,0,11,1,6669200.78,6669200.78,0.0
b'2024-04',b'2024-05',21302001,CONTRIBUCIONES SEGURIDAD SOCIAL,0,2,1,6469045.54,0.0,6469045.54
b'2024-05',b'2024-05',21302001,CONTRIBUCIONES SEGURIDAD SOCIAL,0,2,1,8692083.17,0.0,8692083.17
b'2024-04',b'2024-05',21302001,CONTRIBUCIONES SEGURIDAD SOCIAL,1,2,1,6469045.54,0.0,6469045.54
b'2024-06',b'2024-06',21302001,CONTRIBUCIONES SEGURIDAD SOCIAL,0,2,1,8761728.85,0.0,8761728.85
b'2024-07',b'2024-07',21302001,CONTRIBUCIONES SEGURIDAD SOCIAL,0,2,1,14767057.47,0.0,14767057.47
b'2024-08',b'2024-08',21302001,CONTRIBUCIONES SEGURIDAD SOCIAL,0,2,1,9846428.16,0.0,9846428.16
b'2024-09',b'2024-09',21302001,CONTRIBUCIONES SEGURIDAD SOCIAL,0,2,1,10214690.92,0.0,10214690.92
b'2024-01',b'2024-09',21302001,CONTRIBUCIONES SEGURIDAD SOCIAL,1,0,1,6669200.78,6669200.78,0.0
b'2024-10',b'2024-10',21302001,CONTRIBUCIONES SEGURIDAD SOCIAL,0,2,1,10979285.55,0.0,10979285.55
b'2024-06',b'2024-10',21302001,CONTRIBUCIONES SEGURIDAD SOCIAL,1,0,1,14767057.47,0.0,14767057.47
b'2024-05',b'2024-10',21302001,CONTRIBUCIONES SEGURIDAD SOCIAL,1,0,1,8761728.85,0.0,8761728.85
b'2024-07',b'2024-10',21302001,CONTRIBUCIONES SEGURIDAD SOCIAL,1,0,1,9846428.16,0.0,9846428.16
b'2024-09',b'2024-10',21302001,CONTRIBUCIONES SEGURIDAD SOCIAL,1,0,1,10979285.55,0.0,10979285.55
b'2024-04',b'2024-10',21302001,CONTRIBUCIONES SEGURIDAD SOCIAL,1,0,1,8692083.17,0.0,8692083.17
b'2024-08',b'2024-10',21302001,CONTRIBUCIONES SEGURIDAD SOCIAL,1,0,1,10214690.92,0.0,10214690.92
b'2024-11',b'2024-11',21302001,CONTRIBUCIONES SEGURIDAD SOCIAL,0,2,1,11666440.51,0.0,11666440.51
b'2024-12',b'2024-12',21302001,CONTRIBUCIONES SEGURIDAD SOCIAL,0,2,1,11805953.92,0.0,11805953.92
b'2025-01',b'2025-01',21302001,CONTRIBUCIONES SEGURIDAD SOCIAL,0,2,1,19039480.53,0.0,19039480.53
b'2025-02',b'2025-02',21302001,CONTRIBUCIONES SEGURIDAD SOCIAL,0,2,2,16416164.04,0.0,16416164.04
b'2025-02',b'2025-02',21302001,CONTRIBUCIONES SEGURIDAD SOCIAL,1,2,1,8324709.69,0.0,8324709.69
b'2025-03',b'2025-03',21302001,CONTRIBUCIONES SEGURIDAD SOCIAL,0,2,1,12366187.2,0.0,12366187.2
b'2024-12',b'2025-03',21302001,CONTRIBUCIONES SEGURIDAD SOCIAL,1,0,2,25939017.28,6899536.75,19039480.53
b'2024-10',b'2025-03',21302001,CONTRIBUCIONES SEGURIDAD SOCIAL,1,0,1,11666440.51,11666440.51,0.0
b'2024-11',b'2025-03',21302001,CONTRIBUCIONES SEGURIDAD SOCIAL,1,0,1,11805953.92,11805953.92,0.0
b'2025-04',b'2025-04',21302001,CONTRIBUCIONES SEGURIDAD SOCIAL,0,2,1,11527694.14,0.0,11527694.14
b'2024-12',b'2025-05',21302001,CONTRIBUCIONES SEGURIDAD SOCIAL,0,11,1,19039480.53,19039480.53,0.0
b'2025-05',b'2025-05',21302001,CONTRIBUCIONES SEGURIDAD SOCIAL,0,2,1,14816800.32,0.0,14816800.32
b'2025-01',b'2025-05',21302001,CONTRIBUCIONES SEGURIDAD SOCIAL,1,0,1,19039480.53,19039480.53,0.0
b'2025-06',b'2025-06',21302001,CONTRIBUCIONES SEGURIDAD SOCIAL,0,2,1,15154292.09,0.0,15154292.09
b'2025-04',b'2025-06',21302001,CONTRIBUCIONES SEGURIDAD SOCIAL,1,0,1,14816800.32,0.0,14816800.32
b'2025-03',b'2025-06',21302001,CONTRIBUCIONES SEGURIDAD SOCIAL,1,0,1,11527694.14,0.0,11527694.14
b'2025-02',b'2025-06',21302001,CONTRIBUCIONES SEGURIDAD SOCIAL,1,0,1,12366187.2,12366187.2,0.0
b'2025-01',b'2025-06',21302001,CONTRIBUCIONES SEGURIDAD SOCIAL,1,0,1,8091454.35,8091454.35,0.0
b'2025-06',b'2025-07',21302001,CONTRIBUCIONES SEGURIDAD SOCIAL,1,0,1,24555021.15,0.0,24555021.15
b'2025-05',b'2025-07',21302001,CONTRIBUCIONES SEGURIDAD SOCIAL,1,0,1,15154292.09,0.0,15154292.09
b'2025-07',b'2025-08',21302001,CONTRIBUCIONES SEGURIDAD SOCIAL,0,2,1,24555021.15,0.0,24555021.15
b'2025-08',b'2025-08',21302001,CONTRIBUCIONES SEGURIDAD SOCIAL,0,2,1,14023163.13,0.0,14023163.13
b'2025-09',b'2025-09',21302001,CONTRIBUCIONES SEGURIDAD SOCIAL,0,2,1,15885809.96,0.0,15885809.96
b'2025-07',b'2025-09',21302001,CONTRIBUCIONES SEGURIDAD SOCIAL,1,0,1,14023163.13,14023163.13,0.0
b'2025-10',b'2025-10',21302001,CONTRIBUCIONES SEGURIDAD SOCIAL,0,2,1,15886150.55,0.0,15886150.55
b'2025-11',b'2025-11',21302001,CONTRIBUCIONES SEGURIDAD SOCIAL,0,2,1,15081091.15,0.0,15081091.15
b'2025-12',b'2025-12',21302001,CONTRIBUCIONES SEGURIDAD SOCIAL,0,2,1,16355749.86,0.0,16355749.86
b'2026-01',b'2026-01',21302001,CONTRIBUCIONES SEGURIDAD SOCIAL,0,2,1,28081436.96,0.0,28081436.96
b'2025-11',b'2026-01',21302001,CONTRIBUCIONES SEGURIDAD SOCIAL,1,0,1,16355749.86,16355749.86,0.0
b'2025-08',b'2026-01',21302001,CONTRIBUCIONES SEGURIDAD SOCIAL,1,0,1,15885809.96,15885809.96,0.0
b'2025-09',b'2026-01',21302001,CONTRIBUCIONES SEGURIDAD SOCIAL,1,0,1,15886150.55,15886150.55,0.0
b'2025-10',b'2026-01',21302001,CONTRIBUCIONES SEGURIDAD SOCIAL,1,0,1,15081091.15,15081091.15,0.0
b'2026-02',b'2026-02',21302001,CONTRIBUCIONES SEGURIDAD SOCIAL,0,2,1,7810161.21,0.0,7810161.21
b'2026-03',b'2026-03',21302001,CONTRIBUCIONES SEGURIDAD SOCIAL,0,2,1,21684547.12,0.0,21684547.12
b'2026-04',b'2026-04',21302001,CONTRIBUCIONES SEGURIDAD SOCIAL,0,2,1,17852273.51,0.0,17852273.51
b'2026-05',b'2026-05',21302001,CONTRIBUCIONES SEGURIDAD SOCIAL,0,2,1,20052264.39,0.0,20052264.39
b'2025-12',b'2026-05',21302001,CONTRIBUCIONES SEGURIDAD SOCIAL,1,0,1,28081436.96,0.0,28081436.96
b'2025-12',b'2026-07',21302001,CONTRIBUCIONES SEGURIDAD SOCIAL,0,11,1,28081436.96,28081436.96,0.0
b'2026-07',b'2026-07',21302001,CONTRIBUCIONES SEGURIDAD SOCIAL,1,0,1,28081436.96,28081436.96,0.0
b'2024-01',b'2024-01',21302002,APORTES SEGURIDAD SOCIAL,0,2,1,4902843.58,0.0,4902843.58
b'2023-01',b'2024-01',21302002,APORTES SEGURIDAD SOCIAL,1,0,1,1968582.71,1968582.71,0.0
b'2023-12',b'2024-01',21302002,APORTES SEGURIDAD SOCIAL,1,0,1,4902843.58,0.0,4902843.58
b'2024-02',b'2024-02',21302002,APORTES SEGURIDAD SOCIAL,0,2,1,4736615.52,0.0,4736615.52
b'2024-01',b'2024-02',21302002,APORTES SEGURIDAD SOCIAL,1,0,1,4736615.52,0.0,4736615.52
b'2024-03',b'2024-03',21302002,APORTES SEGURIDAD SOCIAL,0,2,1,4865481.19,0.0,4865481.19
b'2024-02',b'2024-03',21302002,APORTES SEGURIDAD SOCIAL,1,0,2,11772091.9,11772091.9,0.0
b'2024-04',b'2024-04',21302002,APORTES SEGURIDAD SOCIAL,0,2,1,5477217.83,0.0,5477217.83
b'2024-03',b'2024-04',21302002,APORTES SEGURIDAD SOCIAL,1,0,1,5477217.83,0.0,5477217.83
b'2024-04',b'2024-05',21302002,APORTES SEGURIDAD SOCIAL,0,2,1,5477217.83,0.0,5477217.83
b'2024-05',b'2024-05',21302002,APORTES SEGURIDAD SOCIAL,0,2,1,7024467.59,0.0,7024467.59
b'2023-12',b'2024-05',21302002,APORTES SEGURIDAD SOCIAL,0,11,1,4902843.58,4902843.58,0.0
b'2024-04',b'2024-05',21302002,APORTES SEGURIDAD SOCIAL,1,2,1,5477217.83,0.0,5477217.83
b'2024-06',b'2024-06',21302002,APORTES SEGURIDAD SOCIAL,0,2,1,6779650.95,0.0,6779650.95
b'2024-07',b'2024-07',21302002,APORTES SEGURIDAD SOCIAL,0,2,1,11139392.77,0.0,11139392.77
b'2024-08',b'2024-08',21302002,APORTES SEGURIDAD SOCIAL,0,2,1,7770396.45,0.0,7770396.45
b'2024-09',b'2024-09',21302002,APORTES SEGURIDAD SOCIAL,0,2,1,8322999.15,0.0,8322999.15
b'2024-01',b'2024-09',21302002,APORTES SEGURIDAD SOCIAL,1,0,1,4902843.58,4902843.58,0.0
b'2024-10',b'2024-10',21302002,APORTES SEGURIDAD SOCIAL,0,2,1,8107047.06,0.0,8107047.06
b'2024-07',b'2024-10',21302002,APORTES SEGURIDAD SOCIAL,1,0,1,7770396.45,0.0,7770396.45
b'2024-04',b'2024-10',21302002,APORTES SEGURIDAD SOCIAL,1,0,1,7024467.59,0.0,7024467.59
b'2024-08',b'2024-10',21302002,APORTES SEGURIDAD SOCIAL,1,0,1,8322999.15,0.0,8322999.15
b'2024-09',b'2024-10',21302002,APORTES SEGURIDAD SOCIAL,1,0,1,8107047.06,0.0,8107047.06
b'2024-06',b'2024-10',21302002,APORTES SEGURIDAD SOCIAL,1,0,1,11139392.77,0.0,11139392.77
b'2024-05',b'2024-10',21302002,APORTES SEGURIDAD SOCIAL,1,0,1,6779650.95,0.0,6779650.95
b'2024-11',b'2024-11',21302002,APORTES SEGURIDAD SOCIAL,0,2,1,8832075.59,0.0,8832075.59
b'2024-12',b'2024-12',21302002,APORTES SEGURIDAD SOCIAL,0,2,1,9017143.15,0.0,9017143.15
b'2025-01',b'2025-01',21302002,APORTES SEGURIDAD SOCIAL,0,2,1,14215923.92,0.0,14215923.92
b'2025-02',b'2025-02',21302002,APORTES SEGURIDAD SOCIAL,0,2,2,17476046.9,0.0,17476046.9
b'2025-02',b'2025-02',21302002,APORTES SEGURIDAD SOCIAL,1,2,1,6867885.5,0.0,6867885.5
b'2025-03',b'2025-03',21302002,APORTES SEGURIDAD SOCIAL,0,2,1,10668914.32,0.0,10668914.32
b'2024-12',b'2025-03',21302002,APORTES SEGURIDAD SOCIAL,0,0,1,6906610.71,6906610.71,0.0
b'2024-10',b'2025-03',21302002,APORTES SEGURIDAD SOCIAL,1,0,1,8832075.59,8832075.59,0.0
b'2024-11',b'2025-03',21302002,APORTES SEGURIDAD SOCIAL,1,0,1,9017143.15,9017143.15,0.0
b'2024-12',b'2025-03',21302002,APORTES SEGURIDAD SOCIAL,1,0,1,14215923.92,0.0,14215923.92
b'2025-04',b'2025-04',21302002,APORTES SEGURIDAD SOCIAL,0,2,1,10037559.07,0.0,10037559.07
b'2024-12',b'2025-05',21302002,APORTES SEGURIDAD SOCIAL,0,11,1,14215923.92,14215923.92,0.0
b'2025-05',b'2025-05',21302002,APORTES SEGURIDAD SOCIAL,0,2,1,11705765.03,0.0,11705765.03
b'2025-01',b'2025-05',21302002,APORTES SEGURIDAD SOCIAL,1,0,1,14215923.92,14215923.92,0.0
b'2025-06',b'2025-06',21302002,APORTES SEGURIDAD SOCIAL,0,2,1,11999995.24,0.0,11999995.24
b'2025-03',b'2025-06',21302002,APORTES SEGURIDAD SOCIAL,1,0,1,10037559.07,0.0,10037559.07
b'2025-02',b'2025-06',21302002,APORTES SEGURIDAD SOCIAL,1,0,1,10668914.32,10668914.32,0.0
b'2025-01',b'2025-06',21302002,APORTES SEGURIDAD SOCIAL,1,0,1,10608161.4,10608161.4,0.0
b'2025-04',b'2025-06',21302002,APORTES SEGURIDAD SOCIAL,1,0,1,11705765.03,0.0,11705765.03
b'2025-05',b'2025-07',21302002,APORTES SEGURIDAD SOCIAL,1,0,1,11999995.24,0.0,11999995.24
b'2025-06',b'2025-07',21302002,APORTES SEGURIDAD SOCIAL,1,0,1,18265350.48,0.0,18265350.48
b'2025-08',b'2025-08',21302002,APORTES SEGURIDAD SOCIAL,0,2,1,12551447.56,0.0,12551447.56
b'2025-07',b'2025-08',21302002,APORTES SEGURIDAD SOCIAL,0,2,1,18265350.48,0.0,18265350.48
b'2025-09',b'2025-09',21302002,APORTES SEGURIDAD SOCIAL,0,2,1,11897594.05,0.0,11897594.05
b'2025-07',b'2025-09',21302002,APORTES SEGURIDAD SOCIAL,1,0,1,12551447.56,12551447.56,0.0
b'2025-10',b'2025-10',21302002,APORTES SEGURIDAD SOCIAL,0,2,1,12367363.01,0.0,12367363.01
b'2025-11',b'2025-11',21302002,APORTES SEGURIDAD SOCIAL,0,2,1,12987080.88,0.0,12987080.88
b'2025-12',b'2025-12',21302002,APORTES SEGURIDAD SOCIAL,0,2,1,13114051.54,0.0,13114051.54
b'2026-01',b'2026-01',21302002,APORTES SEGURIDAD SOCIAL,0,2,1,21064358.03,0.0,21064358.03
b'2025-09',b'2026-01',21302002,APORTES SEGURIDAD SOCIAL,1,0,1,12367363.01,12367363.01,0.0
b'2025-10',b'2026-01',21302002,APORTES SEGURIDAD SOCIAL,1,0,1,12987080.88,12987080.88,0.0
b'2025-11',b'2026-01',21302002,APORTES SEGURIDAD SOCIAL,1,0,1,13114051.54,13114051.54,0.0
b'2025-08',b'2026-01',21302002,APORTES SEGURIDAD SOCIAL,1,0,1,11897594.05,11897594.05,0.0
b'2026-02',b'2026-02',21302002,APORTES SEGURIDAD SOCIAL,0,2,1,14677856.13,0.0,14677856.13
b'2026-03',b'2026-03',21302002,APORTES SEGURIDAD SOCIAL,0,2,1,15234681.32,0.0,15234681.32
b'2026-04',b'2026-04',21302002,APORTES SEGURIDAD SOCIAL,0,2,1,14690533.99,0.0,14690533.99
b'2026-05',b'2026-05',21302002,APORTES SEGURIDAD SOCIAL,0,2,1,16268169.13,0.0,16268169.13
b'2025-12',b'2026-05',21302002,APORTES SEGURIDAD SOCIAL,1,0,1,21064358.03,0.0,21064358.03
b'2025-12',b'2026-07',21302002,APORTES SEGURIDAD SOCIAL,0,11,1,21064358.03,21064358.03,0.0
b'2026-07',b'2026-07',21302002,APORTES SEGURIDAD SOCIAL,1,0,1,21064358.03,21064358.03,0.0
b'2024-01',b'2024-01',21302003,CONTRIBUCIONES OBRA SOCIAL,0,2,1,1720898.2,0.0,1720898.2
b'2023-12',b'2024-01',21302003,CONTRIBUCIONES OBRA SOCIAL,1,0,1,1720898.2,0.0,1720898.2
b'2023-01',b'2024-01',21302003,CONTRIBUCIONES OBRA SOCIAL,1,0,1,566707.73,566707.73,0.0
b'2024-02',b'2024-02',21302003,CONTRIBUCIONES OBRA SOCIAL,0,2,1,1510828.81,0.0,1510828.81
b'2024-01',b'2024-02',21302003,CONTRIBUCIONES OBRA SOCIAL,1,0,1,1510828.81,0.0,1510828.81
b'2024-03',b'2024-03',21302003,CONTRIBUCIONES OBRA SOCIAL,0,2,1,1778514.78,0.0,1778514.78
b'2024-02',b'2024-03',21302003,CONTRIBUCIONES OBRA SOCIAL,1,0,1,1778514.78,1778514.78,0.0
b'2023-12',b'2024-04',21302003,CONTRIBUCIONES OBRA SOCIAL,0,0,1,1829.75,1829.75,0.0
b'2024-04',b'2024-04',21302003,CONTRIBUCIONES OBRA SOCIAL,0,2,1,1664354.58,0.0,1664354.58
b'2024-03',b'2024-04',21302003,CONTRIBUCIONES OBRA SOCIAL,1,0,1,1664354.58,0.0,1664354.58
b'2023-12',b'2024-05',21302003,CONTRIBUCIONES OBRA SOCIAL,0,11,1,1720898.2,1720898.2,0.0
b'2024-05',b'2024-05',21302003,CONTRIBUCIONES OBRA SOCIAL,0,2,1,2234643.84,0.0,2234643.84
b'2024-04',b'2024-05',21302003,CONTRIBUCIONES OBRA SOCIAL,0,2,1,1664354.58,0.0,1664354.58
b'2024-04',b'2024-05',21302003,CONTRIBUCIONES OBRA SOCIAL,1,2,1,1664354.58,0.0,1664354.58
b'2024-06',b'2024-06',21302003,CONTRIBUCIONES OBRA SOCIAL,0,2,1,2247651.14,0.0,2247651.14
b'2024-07',b'2024-07',21302003,CONTRIBUCIONES OBRA SOCIAL,0,2,1,3788989.47,0.0,3788989.47
b'2024-08',b'2024-08',21302003,CONTRIBUCIONES OBRA SOCIAL,0,2,1,2526146.57,0.0,2526146.57
b'2024-09',b'2024-09',21302003,CONTRIBUCIONES OBRA SOCIAL,0,2,1,2680690.26,0.0,2680690.26
b'2024-01',b'2024-09',21302003,CONTRIBUCIONES OBRA SOCIAL,1,0,1,1720898.2,1720898.2,0.0
b'2024-10',b'2024-10',21302003,CONTRIBUCIONES OBRA SOCIAL,0,2,1,2889918.66,0.0,2889918.66
b'2024-09',b'2024-10',21302003,CONTRIBUCIONES OBRA SOCIAL,1,0,1,2889918.66,0.0,2889918.66
b'2024-06',b'2024-10',21302003,CONTRIBUCIONES OBRA SOCIAL,1,0,1,3788989.47,0.0,3788989.47
b'2024-05',b'2024-10',21302003,CONTRIBUCIONES OBRA SOCIAL,1,0,1,2247651.14,0.0,2247651.14
b'2024-07',b'2024-10',21302003,CONTRIBUCIONES OBRA SOCIAL,1,0,1,2526146.57,0.0,2526146.57
b'2024-04',b'2024-10',21302003,CONTRIBUCIONES OBRA SOCIAL,1,0,1,2234643.84,0.0,2234643.84
b'2024-08',b'2024-10',21302003,CONTRIBUCIONES OBRA SOCIAL,1,0,1,2680690.26,0.0,2680690.26
b'2024-11',b'2024-11',21302003,CONTRIBUCIONES OBRA SOCIAL,0,2,1,3065764.6,0.0,3065764.6
b'2024-12',b'2024-12',21302003,CONTRIBUCIONES OBRA SOCIAL,0,2,1,3104594.01,0.0,3104594.01
b'2025-01',b'2025-01',21302003,CONTRIBUCIONES OBRA SOCIAL,0,2,1,5000834.47,0.0,5000834.47
b'2025-02',b'2025-02',21302003,CONTRIBUCIONES OBRA SOCIAL,0,2,2,4411453.65,0.0,4411453.65
b'2025-02',b'2025-02',21302003,CONTRIBUCIONES OBRA SOCIAL,1,2,1,2289295.17,0.0,2289295.17
b'2025-03',b'2025-03',21302003,CONTRIBUCIONES OBRA SOCIAL,0,2,1,3241587.64,0.0,3241587.64
b'2024-11',b'2025-03',21302003,CONTRIBUCIONES OBRA SOCIAL,1,0,1,3104594.01,3104594.01,0.0
b'2024-12',b'2025-03',21302003,CONTRIBUCIONES OBRA SOCIAL,1,0,1,5000834.47,0.0,5000834.47
b'2024-10',b'2025-03',21302003,CONTRIBUCIONES OBRA SOCIAL,1,0,1,3065764.6,3065764.6,0.0
b'2025-04',b'2025-04',21302003,CONTRIBUCIONES OBRA SOCIAL,0,2,1,3030309.09,0.0,3030309.09
b'2025-05',b'2025-05',21302003,CONTRIBUCIONES OBRA SOCIAL,0,2,1,3898953.05,0.0,3898953.05
b'2024-12',b'2025-05',21302003,CONTRIBUCIONES OBRA SOCIAL,0,11,1,5000834.47,5000834.47,0.0
b'2025-01',b'2025-05',21302003,CONTRIBUCIONES OBRA SOCIAL,1,0,1,5000834.47,5000834.47,0.0
b'2025-06',b'2025-06',21302003,CONTRIBUCIONES OBRA SOCIAL,0,2,1,3989995.17,0.0,3989995.17
b'2025-02',b'2025-06',21302003,CONTRIBUCIONES OBRA SOCIAL,1,0,1,3241587.64,3241587.64,0.0
b'2025-01',b'2025-06',21302003,CONTRIBUCIONES OBRA SOCIAL,1,0,1,2122158.48,2122158.48,0.0
b'2025-04',b'2025-06',21302003,CONTRIBUCIONES OBRA SOCIAL,1,0,1,3898953.05,0.0,3898953.05
b'2025-03',b'2025-06',21302003,CONTRIBUCIONES OBRA SOCIAL,1,0,1,3030309.09,0.0,3030309.09
b'2025-05',b'2025-07',21302003,CONTRIBUCIONES OBRA SOCIAL,1,0,1,3989995.17,0.0,3989995.17
b'2025-06',b'2025-07',21302003,CONTRIBUCIONES OBRA SOCIAL,1,0,1,6461613.49,0.0,6461613.49
b'2025-08',b'2025-08',21302003,CONTRIBUCIONES OBRA SOCIAL,0,2,1,3679679.01,0.0,3679679.01
b'2025-07',b'2025-08',21302003,CONTRIBUCIONES OBRA SOCIAL,0,2,1,6461613.49,0.0,6461613.49
b'2025-09',b'2025-09',21302003,CONTRIBUCIONES OBRA SOCIAL,0,2,1,4176730.4,0.0,4176730.4
b'2025-07',b'2025-09',21302003,CONTRIBUCIONES OBRA SOCIAL,1,0,1,3679679.01,3679679.01,0.0
b'2025-10',b'2025-10',21302003,CONTRIBUCIONES OBRA SOCIAL,0,2,1,4178470.85,0.0,4178470.85
b'2025-11',b'2025-11',21302003,CONTRIBUCIONES OBRA SOCIAL,0,2,1,3968436.77,0.0,3968436.77
b'2025-12',b'2025-12',21302003,CONTRIBUCIONES OBRA SOCIAL,0,2,1,4303315.86,0.0,4303315.86
b'2026-01',b'2026-01',21302003,CONTRIBUCIONES OBRA SOCIAL,0,2,1,7386769.42,0.0,7386769.42
b'2025-10',b'2026-01',21302003,CONTRIBUCIONES OBRA SOCIAL,1,0,1,3968436.77,3968436.77,0.0
b'2025-11',b'2026-01',21302003,CONTRIBUCIONES OBRA SOCIAL,1,0,1,4303315.86,4303315.86,0.0
b'2025-09',b'2026-01',21302003,CONTRIBUCIONES OBRA SOCIAL,1,0,1,4178470.85,4178470.85,0.0
b'2025-08',b'2026-01',21302003,CONTRIBUCIONES OBRA SOCIAL,1,0,1,4176730.4,4176730.4,0.0
b'2026-02',b'2026-02',21302003,CONTRIBUCIONES OBRA SOCIAL,0,2,1,2053138.52,0.0,2053138.52
b'2026-03',b'2026-03',21302003,CONTRIBUCIONES OBRA SOCIAL,0,2,1,5694977.81,0.0,5694977.81
b'2026-04',b'2026-04',21302003,CONTRIBUCIONES OBRA SOCIAL,0,2,1,4686406.0,0.0,4686406.0
b'2026-05',b'2026-05',21302003,CONTRIBUCIONES OBRA SOCIAL,0,2,1,5254321.95,0.0,5254321.95
b'2025-12',b'2026-05',21302003,CONTRIBUCIONES OBRA SOCIAL,1,0,1,7386769.42,0.0,7386769.42
b'2026-06',b'2026-06',21302003,CONTRIBUCIONES OBRA SOCIAL,0,2,1,5386023.33,0.0,5386023.33
b'2025-12',b'2026-07',21302003,CONTRIBUCIONES OBRA SOCIAL,0,11,1,7386769.42,7386769.42,0.0
b'2026-07',b'2026-07',21302003,CONTRIBUCIONES OBRA SOCIAL,1,0,1,7386769.42,7386769.42,0.0
b'2024-01',b'2024-01',21302004,APORTE OBRA SOCIAL,0,2,1,846584.32,0.0,846584.32
b'2023-01',b'2024-01',21302004,APORTE OBRA SOCIAL,1,0,1,339819.42,339819.42,0.0
b'2023-12',b'2024-01',21302004,APORTE OBRA SOCIAL,1,0,1,846584.32,0.0,846584.32
b'2024-02',b'2024-02',21302004,APORTE OBRA SOCIAL,0,2,1,817218.47,0.0,817218.47
b'2024-01',b'2024-02',21302004,APORTE OBRA SOCIAL,1,0,1,817218.47,0.0,817218.47
b'2024-03',b'2024-03',21302004,APORTE OBRA SOCIAL,0,2,1,842486.43,0.0,842486.43
b'2024-02',b'2024-03',21302004,APORTE OBRA SOCIAL,1,0,1,842486.43,842486.43,0.0
b'2024-04',b'2024-04',21302004,APORTE OBRA SOCIAL,0,2,1,949665.11,0.0,949665.11
b'2023-12',b'2024-04',21302004,APORTE OBRA SOCIAL,1,0,1,1.0,1.0,0.0
b'2024-03',b'2024-04',21302004,APORTE OBRA SOCIAL,1,0,1,949665.11,0.0,949665.11
b'2024-05',b'2024-05',21302004,APORTE OBRA SOCIAL,0,2,1,1215189.87,0.0,1215189.87
b'2024-04',b'2024-05',21302004,APORTE OBRA SOCIAL,0,2,1,949665.11,0.0,949665.11
b'2023-12',b'2024-05',21302004,APORTE OBRA SOCIAL,0,11,1,846584.32,846584.32,0.0
b'2024-04',b'2024-05',21302004,APORTE OBRA SOCIAL,1,2,1,949665.11,0.0,949665.11
b'2024-06',b'2024-06',21302004,APORTE OBRA SOCIAL,0,2,1,1171731.99,0.0,1171731.99
b'2024-07',b'2024-07',21302004,APORTE OBRA SOCIAL,0,2,1,1925381.81,0.0,1925381.81
b'2024-08',b'2024-08',21302004,APORTE OBRA SOCIAL,0,2,1,1341027.54,0.0,1341027.54
b'2024-09',b'2024-09',21302004,APORTE OBRA SOCIAL,0,2,1,1468764.53,0.0,1468764.53
b'2024-01',b'2024-09',21302004,APORTE OBRA SOCIAL,1,0,1,846584.32,846584.32,0.0
b'2024-10',b'2024-10',21302004,APORTE OBRA SOCIAL,0,2,1,1430655.37,0.0,1430655.37
b'2024-08',b'2024-10',21302004,APORTE OBRA SOCIAL,1,0,1,1468764.53,0.0,1468764.53
b'2024-09',b'2024-10',21302004,APORTE OBRA SOCIAL,1,0,1,1430655.37,0.0,1430655.37
b'2024-06',b'2024-10',21302004,APORTE OBRA SOCIAL,1,0,1,1925381.81,0.0,1925381.81
b'2024-05',b'2024-10',21302004,APORTE OBRA SOCIAL,1,0,1,1171731.99,0.0,1171731.99
b'2024-07',b'2024-10',21302004,APORTE OBRA SOCIAL,1,0,1,1341027.54,0.0,1341027.54
b'2024-04',b'2024-10',21302004,APORTE OBRA SOCIAL,1,0,1,1215189.87,0.0,1215189.87
b'2024-11',b'2024-11',21302004,APORTE OBRA SOCIAL,0,2,1,1558601.54,0.0,1558601.54
b'2024-12',b'2024-12',21302004,APORTE OBRA SOCIAL,0,2,1,1591260.57,0.0,1591260.57
b'2025-01',b'2025-01',21302004,APORTE OBRA SOCIAL,0,2,1,2509204.01,0.0,2509204.01
b'2025-02',b'2025-02',21302004,APORTE OBRA SOCIAL,0,2,2,3120734.92,0.0,3120734.92
b'2025-02',b'2025-02',21302004,APORTE OBRA SOCIAL,1,2,1,1248706.45,0.0,1248706.45
b'2025-03',b'2025-03',21302004,APORTE OBRA SOCIAL,0,2,1,1882749.57,0.0,1882749.57
b'2024-11',b'2025-03',21302004,APORTE OBRA SOCIAL,1,0,1,1591260.57,1591260.57,0.0
b'2024-12',b'2025-03',21302004,APORTE OBRA SOCIAL,1,0,1,2509204.01,0.0,2509204.01
b'2024-10',b'2025-03',21302004,APORTE OBRA SOCIAL,1,0,1,1558601.54,1558601.54,0.0
b'2025-04',b'2025-04',21302004,APORTE OBRA SOCIAL,0,2,1,1771333.94,0.0,1771333.94
b'2025-05',b'2025-05',21302004,APORTE OBRA SOCIAL,0,2,1,2065723.23,0.0,2065723.23
b'2024-12',b'2025-05',21302004,APORTE OBRA SOCIAL,0,11,1,2509204.01,2509204.01,0.0
b'2025-01',b'2025-05',21302004,APORTE OBRA SOCIAL,1,0,1,2509204.01,2509204.01,0.0
b'2025-06',b'2025-06',21302004,APORTE OBRA SOCIAL,0,2,1,2117646.2,0.0,2117646.2
b'2025-02',b'2025-06',21302004,APORTE OBRA SOCIAL,1,0,1,1882749.57,1882749.57,0.0
b'2025-01',b'2025-06',21302004,APORTE OBRA SOCIAL,1,0,1,1872028.47,1872028.47,0.0
b'2025-04',b'2025-06',21302004,APORTE OBRA SOCIAL,1,0,1,2065723.23,0.0,2065723.23
b'2025-03',b'2025-06',21302004,APORTE OBRA SOCIAL,1,0,1,1771333.94,0.0,1771333.94
b'2025-06',b'2025-07',21302004,APORTE OBRA SOCIAL,1,0,1,3223297.14,0.0,3223297.14
b'2025-05',b'2025-07',21302004,APORTE OBRA SOCIAL,1,0,1,2117646.2,0.0,2117646.2
b'2025-08',b'2025-08',21302004,APORTE OBRA SOCIAL,0,2,1,2214961.36,0.0,2214961.36
b'2025-07',b'2025-08',21302004,APORTE OBRA SOCIAL,0,2,1,3223297.14,0.0,3223297.14
b'2025-09',b'2025-09',21302004,APORTE OBRA SOCIAL,0,2,1,2099575.43,0.0,2099575.43
b'2025-07',b'2025-09',21302004,APORTE OBRA SOCIAL,1,0,1,2214961.36,2214961.36,0.0
b'2025-10',b'2025-10',21302004,APORTE OBRA SOCIAL,0,2,1,2182475.81,0.0,2182475.81
b'2025-11',b'2025-11',21302004,APORTE OBRA SOCIAL,0,2,1,2291837.87,0.0,2291837.87
b'2025-12',b'2025-12',21302004,APORTE OBRA SOCIAL,0,2,1,2314244.39,0.0,2314244.39
b'2026-01',b'2026-01',21302004,APORTE OBRA SOCIAL,0,2,1,3717239.66,0.0,3717239.66
b'2025-10',b'2026-01',21302004,APORTE OBRA SOCIAL,1,0,1,2291837.87,2291837.87,0.0
b'2025-11',b'2026-01',21302004,APORTE OBRA SOCIAL,1,0,1,2314244.39,2314244.39,0.0
b'2025-08',b'2026-01',21302004,APORTE OBRA SOCIAL,1,0,1,2099575.43,2099575.43,0.0
b'2025-09',b'2026-01',21302004,APORTE OBRA SOCIAL,1,0,1,2182475.81,2182475.81,0.0
b'2026-02',b'2026-02',21302004,APORTE OBRA SOCIAL,0,2,1,2590209.9,0.0,2590209.9
b'2026-03',b'2026-03',21302004,APORTE OBRA SOCIAL,0,2,1,2688473.2,0.0,2688473.2
b'2026-04',b'2026-04',21302004,APORTE OBRA SOCIAL,0,2,1,2592447.19,0.0,2592447.19
b'2026-05',b'2026-05',21302004,APORTE OBRA SOCIAL,0,2,1,2870853.36,0.0,2870853.36
b'2025-12',b'2026-05',21302004,APORTE OBRA SOCIAL,1,0,1,3717239.66,0.0,3717239.66
b'2026-06',b'2026-06',21302004,APORTE OBRA SOCIAL,0,2,1,2868521.36,0.0,2868521.36
b'2025-12',b'2026-07',21302004,APORTE OBRA SOCIAL,0,11,1,3717239.66,3717239.66,0.0
b'2026-07',b'2026-07',21302004,APORTE OBRA SOCIAL,1,0,1,3717239.66,3717239.66,0.0
b'2024-01',b'2024-01',21302005,ART,0,2,1,1951775.36,0.0,1951775.36
b'2023-12',b'2024-01',21302005,ART,1,0,1,1951775.36,0.0,1951775.36
b'2023-01',b'2024-01',21302005,ART,1,0,1,615946.26,615946.26,0.0
b'2024-02',b'2024-02',21302005,ART,0,2,1,2022369.71,0.0,2022369.71
b'2024-01',b'2024-02',21302005,ART,1,0,1,2022369.71,0.0,2022369.71
b'2024-03',b'2024-03',21302005,ART,0,2,1,2137700.43,0.0,2137700.43
b'2024-02',b'2024-03',21302005,ART,1,0,1,2137700.43,2137700.43,0.0
b'2024-04',b'2024-04',21302005,ART,0,2,1,2299770.45,0.0,2299770.45
b'2023-12',b'2024-04',21302005,ART,1,0,1,217.0,217.0,0.0
b'2024-03',b'2024-04',21302005,ART,1,0,1,2299770.45,0.0,2299770.45
b'2024-04',b'2024-05',21302005,ART,0,2,1,2299770.45,0.0,2299770.45
b'2023-12',b'2024-05',21302005,ART,0,11,1,1951775.36,1951775.36,0.0
b'2024-05',b'2024-05',21302005,ART,0,2,1,2934182.36,0.0,2934182.36
b'2024-04',b'2024-05',21302005,ART,1,2,1,2299770.45,0.0,2299770.45
b'2024-06',b'2024-06',21302005,ART,0,2,1,2823728.26,0.0,2823728.26
b'2024-07',b'2024-07',21302005,ART,0,2,1,4488281.91,0.0,4488281.91
b'2024-08',b'2024-08',21302005,ART,0,2,1,3236349.12,0.0,3236349.12
b'2024-09',b'2024-09',21302005,ART,0,2,1,3433211.04,0.0,3433211.04
b'2024-01',b'2024-09',21302005,ART,1,0,1,1951775.36,1951775.36,0.0
b'2024-10',b'2024-10',21302005,ART,0,2,1,3360968.84,0.0,3360968.84
b'2024-05',b'2024-10',21302005,ART,1,0,1,2823728.26,0.0,2823728.26
b'2024-07',b'2024-10',21302005,ART,1,0,1,3236349.12,0.0,3236349.12
b'2024-08',b'2024-10',21302005,ART,1,0,1,3433211.04,0.0,3433211.04
b'2024-04',b'2024-10',21302005,ART,1,0,1,2934182.36,0.0,2934182.36
b'2024-09',b'2024-10',21302005,ART,1,0,1,3360968.84,0.0,3360968.84
b'2024-06',b'2024-10',21302005,ART,1,0,1,4488281.91,0.0,4488281.91
b'2024-11',b'2024-11',21302005,ART,0,2,1,3701959.77,0.0,3701959.77
b'2024-12',b'2024-12',21302005,ART,0,2,1,3761172.35,0.0,3761172.35
b'2025-01',b'2025-01',21302005,ART,0,2,1,5820485.64,0.0,5820485.64
b'2025-02',b'2025-02',21302005,ART,0,2,2,6476671.49,0.0,6476671.49
b'2025-02',b'2025-02',21302005,ART,1,2,1,1873059.68,0.0,1873059.68
b'2025-03',b'2025-03',21302005,ART,0,2,1,7739.16,0.0,7739.16
b'2024-12',b'2025-03',21302005,ART,1,0,1,5820485.64,0.0,5820485.64
b'2024-10',b'2025-03',21302005,ART,1,0,1,3701959.77,3701959.77,0.0
b'2024-11',b'2025-03',21302005,ART,1,0,1,3761172.35,3761172.35,0.0
b'2025-04',b'2025-04',21302005,ART,0,2,1,5850154.55,0.0,5850154.55
b'2024-12',b'2025-05',21302005,ART,0,11,1,5820485.64,5820485.64,0.0
b'2025-05',b'2025-05',21302005,ART,0,2,1,6383060.49,0.0,6383060.49
b'2025-01',b'2025-05',21302005,ART,1,0,1,5820485.64,5820485.64,0.0
b'2025-06',b'2025-06',21302005,ART,0,2,1,6347335.45,0.0,6347335.45
b'2025-01',b'2025-06',21302005,ART,1,0,1,4603611.81,4603611.81,0.0
b'2025-02',b'2025-06',21302005,ART,1,0,1,5134800.76,5134800.76,0.0
b'2025-03',b'2025-06',21302005,ART,1,0,1,5850154.55,0.0,5850154.55
b'2025-04',b'2025-06',21302005,ART,1,0,1,6383060.49,0.0,6383060.49
b'2025-06',b'2025-07',21302005,ART,0,0,1,5127061.6,0.0,5127061.6
b'2025-05',b'2025-07',21302005,ART,1,0,1,6347335.45,0.0,6347335.45
b'2025-06',b'2025-07',21302005,ART,1,0,1,9645538.83,0.0,9645538.83
b'2025-07',b'2025-08',21302005,ART,0,2,1,9645538.83,0.0,9645538.83
b'2025-08',b'2025-08',21302005,ART,0,2,1,6420754.01,0.0,6420754.01
b'2025-09',b'2025-09',21302005,ART,0,2,1,6148952.25,0.0,6148952.25
b'2025-07',b'2025-09',21302005,ART,1,0,1,6420754.01,6420754.01,0.0
b'2025-10',b'2025-10',21302005,ART,0,2,1,6505047.89,0.0,6505047.89
b'2025-11',b'2025-11',21302005,ART,0,2,1,6905082.24,0.0,6905082.24
b'2025-12',b'2025-12',21302005,ART,0,2,1,6768160.54,0.0,6768160.54
b'2026-01',b'2026-01',21302005,ART,0,2,1,10932325.29,0.0,10932325.29
b'2025-11',b'2026-01',21302005,ART,1,0,1,6768160.54,6768160.54,0.0
b'2025-08',b'2026-01',21302005,ART,1,0,1,6148952.25,6148952.25,0.0
b'2025-09',b'2026-01',21302005,ART,1,0,1,6505047.89,6505047.89,0.0
b'2025-10',b'2026-01',21302005,ART,1,0,1,6905082.24,6905082.24,0.0
b'2026-02',b'2026-02',21302005,ART,0,2,1,7962048.49,0.0,7962048.49
b'2026-03',b'2026-03',21302005,ART,0,2,1,8306815.79,0.0,8306815.79
b'2026-04',b'2026-04',21302005,ART,0,2,1,10883384.25,0.0,10883384.25
b'2026-05',b'2026-05',21302005,ART,0,2,1,11888730.48,0.0,11888730.48
b'2025-12',b'2026-05',21302005,ART,1,0,1,10932325.29,0.0,10932325.29
b'2026-06',b'2026-06',21302005,ART,0,2,1,11339341.86,0.0,11339341.86
b'2025-12',b'2026-07',21302005,ART,0,11,1,10932325.29,10932325.29,0.0
b'2026-07',b'2026-07',21302005,ART,1,0,1,10932325.29,10932325.29,0.0
b'2024-01',b'2024-01',21302006,SEGURO COLECTIVO DE VIDA OBLIGATORIO 931,0,2,1,3526.2,0.0,3526.2
b'2023-12',b'2024-01',21302006,SEGURO COLECTIVO DE VIDA OBLIGATORIO 931,1,0,1,3526.2,0.0,3526.2
b'2023-01',b'2024-01',21302006,SEGURO COLECTIVO DE VIDA OBLIGATORIO 931,1,0,1,1413.98,1413.98,0.0
b'2024-02',b'2024-02',21302006,SEGURO COLECTIVO DE VIDA OBLIGATORIO 931,0,2,1,3447.84,0.0,3447.84
b'2024-01',b'2024-02',21302006,SEGURO COLECTIVO DE VIDA OBLIGATORIO 931,1,0,1,3447.84,0.0,3447.84
b'2024-03',b'2024-03',21302006,SEGURO COLECTIVO DE VIDA OBLIGATORIO 931,0,2,1,3291.12,0.0,3291.12
b'2024-02',b'2024-03',21302006,SEGURO COLECTIVO DE VIDA OBLIGATORIO 931,1,0,1,3291.12,3291.12,0.0
b'2024-04',b'2024-04',21302006,SEGURO COLECTIVO DE VIDA OBLIGATORIO 931,0,2,1,7739.16,0.0,7739.16
b'2024-03',b'2024-04',21302006,SEGURO COLECTIVO DE VIDA OBLIGATORIO 931,1,0,1,7739.16,0.0,7739.16
b'2023-12',b'2024-05',21302006,SEGURO COLECTIVO DE VIDA OBLIGATORIO 931,0,11,1,3526.2,3526.2,0.0
b'2024-05',b'2024-05',21302006,SEGURO COLECTIVO DE VIDA OBLIGATORIO 931,0,2,1,7563.27,0.0,7563.27
b'2024-04',b'2024-05',21302006,SEGURO COLECTIVO DE VIDA OBLIGATORIO 931,0,2,1,7739.16,0.0,7739.16
b'2024-04',b'2024-05',21302006,SEGURO COLECTIVO DE VIDA OBLIGATORIO 931,1,2,1,7739.16,0.0,7739.16
b'2024-06',b'2024-06',21302006,SEGURO COLECTIVO DE VIDA OBLIGATORIO 931,0,2,1,7035.6,0.0,7035.6
b'2024-07',b'2024-07',21302006,SEGURO COLECTIVO DE VIDA OBLIGATORIO 931,0,2,1,7035.6,0.0,7035.6
b'2024-08',b'2024-08',21302006,SEGURO COLECTIVO DE VIDA OBLIGATORIO 931,0,2,1,6859.71,0.0,6859.71
b'2024-09',b'2024-09',21302006,SEGURO COLECTIVO DE VIDA OBLIGATORIO 931,0,2,1,6859.71,0.0,6859.71
b'2024-01',b'2024-09',21302006,SEGURO COLECTIVO DE VIDA OBLIGATORIO 931,1,0,1,3526.2,3526.2,0.0
b'2024-10',b'2024-10',21302006,SEGURO COLECTIVO DE VIDA OBLIGATORIO 931,0,2,1,7035.6,0.0,7035.6
b'2024-09',b'2024-10',21302006,SEGURO COLECTIVO DE VIDA OBLIGATORIO 931,1,0,1,7035.6,0.0,7035.6
b'2024-06',b'2024-10',21302006,SEGURO COLECTIVO DE VIDA OBLIGATORIO 931,1,0,1,7035.6,0.0,7035.6
b'2024-05',b'2024-10',21302006,SEGURO COLECTIVO DE VIDA OBLIGATORIO 931,1,0,1,7035.6,0.0,7035.6
b'2024-07',b'2024-10',21302006,SEGURO COLECTIVO DE VIDA OBLIGATORIO 931,1,0,1,6859.71,0.0,6859.71
b'2024-08',b'2024-10',21302006,SEGURO COLECTIVO DE VIDA OBLIGATORIO 931,1,0,1,6859.71,0.0,6859.71
b'2024-04',b'2024-10',21302006,SEGURO COLECTIVO DE VIDA OBLIGATORIO 931,1,0,1,7563.27,0.0,7563.27
b'2024-11',b'2024-11',21302006,SEGURO COLECTIVO DE VIDA OBLIGATORIO 931,0,2,1,7211.49,0.0,7211.49
b'2024-12',b'2024-12',21302006,SEGURO COLECTIVO DE VIDA OBLIGATORIO 931,0,2,1,7563.27,0.0,7563.27
b'2025-01',b'2025-01',21302006,SEGURO COLECTIVO DE VIDA OBLIGATORIO 931,0,2,1,7739.16,0.0,7739.16
b'2025-02',b'2025-02',21302006,SEGURO COLECTIVO DE VIDA OBLIGATORIO 931,0,2,2,215856.9,0.0,215856.9
b'2025-02',b'2025-02',21302006,SEGURO COLECTIVO DE VIDA OBLIGATORIO 931,1,2,1,208117.74,0.0,208117.74
b'2025-03',b'2025-03',21302006,SEGURO COLECTIVO DE VIDA OBLIGATORIO 931,0,2,1,5134800.76,0.0,5134800.76
b'2024-12',b'2025-03',21302006,SEGURO COLECTIVO DE VIDA OBLIGATORIO 931,1,0,1,7739.16,0.0,7739.16
b'2024-10',b'2025-03',21302006,SEGURO COLECTIVO DE VIDA OBLIGATORIO 931,1,0,1,7211.49,7211.49,0.0
b'2024-11',b'2025-03',21302006,SEGURO COLECTIVO DE VIDA OBLIGATORIO 931,1,0,1,7563.27,7563.27,0.0
b'2025-04',b'2025-04',21302006,SEGURO COLECTIVO DE VIDA OBLIGATORIO 931,0,2,1,14725.92,0.0,14725.92
b'2024-12',b'2025-05',21302006,SEGURO COLECTIVO DE VIDA OBLIGATORIO 931,0,11,1,7739.16,7739.16,0.0
b'2025-05',b'2025-05',21302006,SEGURO COLECTIVO DE VIDA OBLIGATORIO 931,0,2,1,15060.6,0.0,15060.6
b'2025-01',b'2025-05',21302006,SEGURO COLECTIVO DE VIDA OBLIGATORIO 931,1,0,1,7739.16,7739.16,0.0
b'2025-06',b'2025-06',21302006,SEGURO COLECTIVO DE VIDA OBLIGATORIO 931,0,2,1,14391.24,0.0,14391.24
b'2025-04',b'2025-06',21302006,SEGURO COLECTIVO DE VIDA OBLIGATORIO 931,1,0,1,15060.6,0.0,15060.6
b'2025-01',b'2025-06',21302006,SEGURO COLECTIVO DE VIDA OBLIGATORIO 931,1,0,1,7739.16,7739.16,0.0
b'2025-02',b'2025-06',21302006,SEGURO COLECTIVO DE VIDA OBLIGATORIO 931,1,0,1,7739.16,7739.16,0.0
b'2025-03',b'2025-06',21302006,SEGURO COLECTIVO DE VIDA OBLIGATORIO 931,1,0,1,14725.92,0.0,14725.92
b'2025-06',b'2025-07',21302006,SEGURO COLECTIVO DE VIDA OBLIGATORIO 931,1,0,2,5142122.2,0.0,5142122.2
b'2025-05',b'2025-07',21302006,SEGURO COLECTIVO DE VIDA OBLIGATORIO 931,1,0,1,14391.24,0.0,14391.24
b'2025-07',b'2025-08',21302006,SEGURO COLECTIVO DE VIDA OBLIGATORIO 931,0,2,1,15060.6,0.0,15060.6
b'2025-08',b'2025-08',21302006,SEGURO COLECTIVO DE VIDA OBLIGATORIO 931,0,2,1,14725.92,0.0,14725.92
b'2025-09',b'2025-09',21302006,SEGURO COLECTIVO DE VIDA OBLIGATORIO 931,0,2,1,14725.92,0.0,14725.92
b'2025-07',b'2025-09',21302006,SEGURO COLECTIVO DE VIDA OBLIGATORIO 931,1,0,1,14725.92,14725.92,0.0
b'2025-10',b'2025-10',21302006,SEGURO COLECTIVO DE VIDA OBLIGATORIO 931,0,2,1,14391.24,0.0,14391.24
b'2025-11',b'2025-11',21302006,SEGURO COLECTIVO DE VIDA OBLIGATORIO 931,0,2,1,14725.92,0.0,14725.92
b'2025-12',b'2025-12',21302006,SEGURO COLECTIVO DE VIDA OBLIGATORIO 931,0,2,1,14725.92,0.0,14725.92
b'2026-01',b'2026-01',21302006,SEGURO COLECTIVO DE VIDA OBLIGATORIO 931,0,2,1,15729.96,0.0,15729.96
b'2025-09',b'2026-01',21302006,SEGURO COLECTIVO DE VIDA OBLIGATORIO 931,1,0,1,14391.24,14391.24,0.0
b'2025-10',b'2026-01',21302006,SEGURO COLECTIVO DE VIDA OBLIGATORIO 931,1,0,1,14725.92,14725.92,0.0
b'2025-11',b'2026-01',21302006,SEGURO COLECTIVO DE VIDA OBLIGATORIO 931,1,0,1,14725.92,14725.92,0.0
b'2025-08',b'2026-01',21302006,SEGURO COLECTIVO DE VIDA OBLIGATORIO 931,1,0,1,14725.92,14725.92,0.0
b'2026-02',b'2026-02',21302006,SEGURO COLECTIVO DE VIDA OBLIGATORIO 931,0,2,1,15729.96,0.0,15729.96
b'2026-03',b'2026-03',21302006,SEGURO COLECTIVO DE VIDA OBLIGATORIO 931,0,2,1,15395.28,0.0,15395.28
b'2026-04',b'2026-04',21302006,SEGURO COLECTIVO DE VIDA OBLIGATORIO 931,0,2,1,19957.14,0.0,19957.14
b'2026-05',b'2026-05',21302006,SEGURO COLECTIVO DE VIDA OBLIGATORIO 931,0,2,1,19957.14,0.0,19957.14
b'2025-12',b'2026-05',21302006,SEGURO COLECTIVO DE VIDA OBLIGATORIO 931,1,0,1,15729.96,0.0,15729.96
b'2026-06',b'2026-06',21302006,SEGURO COLECTIVO DE VIDA OBLIGATORIO 931,0,2,1,20381.76,0.0,20381.76
b'2025-12',b'2026-07',21302006,SEGURO COLECTIVO DE VIDA OBLIGATORIO 931,0,11,1,15729.96,15729.96,0.0
b'2026-07',b'2026-07',21302006,SEGURO COLECTIVO DE VIDA OBLIGATORIO 931,1,0,1,15729.96,15729.96,0.0
b'2023-11',b'2024-01',21302007,CONTRIBUCION SOLIDARIA (CHOFERES),0,2,1,183741.76,0.0,183741.76
b'2024-01',b'2024-01',21302007,CONTRIBUCION SOLIDARIA (CHOFERES),0,2,2,575708.8,0.0,575708.8
b'2023-01',b'2024-01',21302007,CONTRIBUCION SOLIDARIA (CHOFERES),1,0,1,63864.74,63864.74,0.0
b'2023-12',b'2024-01',21302007,CONTRIBUCION SOLIDARIA (CHOFERES),1,0,1,134801.74,0.0,134801.74
b'2024-02',b'2024-02',21302007,CONTRIBUCION SOLIDARIA (CHOFERES),0,2,2,553376.87,0.0,553376.87
b'2024-01',b'2024-02',21302007,CONTRIBUCION SOLIDARIA (CHOFERES),1,0,1,120667.15,0.0,120667.15
b'2024-03',b'2024-03',21302007,CONTRIBUCION SOLIDARIA (CHOFERES),0,2,2,629840.54,0.0,629840.54
b'2024-02',b'2024-03',21302007,CONTRIBUCION SOLIDARIA (CHOFERES),1,0,1,157383.85,157383.85,0.0
b'2024-04',b'2024-04',21302007,CONTRIBUCION SOLIDARIA (CHOFERES),0,2,2,734568.99,0.0,734568.99
b'2024-03',b'2024-04',21302007,CONTRIBUCION SOLIDARIA (CHOFERES),1,0,1,184132.46,0.0,184132.46
b'2023-12',b'2024-04',21302007,CONTRIBUCION SOLIDARIA (CHOFERES),1,0,1,2431844.5,2431844.5,0.0
b'2024-05',b'2024-05',21302007,CONTRIBUCION SOLIDARIA (CHOFERES),0,2,2,878720.1,0.0,878720.1
b'2023-12',b'2024-05',21302007,CONTRIBUCION SOLIDARIA (CHOFERES),0,11,1,134801.74,134801.74,0.0
b'2024-06',b'2024-06',21302007,CONTRIBUCION SOLIDARIA (CHOFERES),0,2,2,826216.43,0.0,826216.43
b'2024-07',b'2024-07',21302007,CONTRIBUCION SOLIDARIA (CHOFERES),0,2,2,1381201.39,0.0,1381201.39
b'2024-08',b'2024-08',21302007,CONTRIBUCION SOLIDARIA (CHOFERES),0,2,2,938691.61,0.0,938691.61
b'2024-09',b'2024-09',21302007,CONTRIBUCION SOLIDARIA (CHOFERES),0,2,2,1048751.94,0.0,1048751.94
b'2024-01',b'2024-09',21302007,CONTRIBUCION SOLIDARIA (CHOFERES),1,0,1,134801.74,134801.74,0.0
b'2024-10',b'2024-10',21302007,CONTRIBUCION SOLIDARIA (CHOFERES),0,2,2,986947.38,0.0,986947.38
b'2024-08',b'2024-10',21302007,CONTRIBUCION SOLIDARIA (CHOFERES),1,0,1,365987.67,0.0,365987.67
b'2024-04',b'2024-10',21302007,CONTRIBUCION SOLIDARIA (CHOFERES),1,0,1,190354.85,0.0,190354.85
b'2024-09',b'2024-10',21302007,CONTRIBUCION SOLIDARIA (CHOFERES),1,0,1,263886.76,0.0,263886.76
b'2024-05',b'2024-10',21302007,CONTRIBUCION SOLIDARIA (CHOFERES),1,0,1,240957.01,0.0,240957.01
b'2024-06',b'2024-10',21302007,CONTRIBUCION SOLIDARIA (CHOFERES),1,0,1,424120.18,0.0,424120.18
b'2024-07',b'2024-10',21302007,CONTRIBUCION SOLIDARIA (CHOFERES),1,0,1,278157.74,0.0,278157.74
b'2024-11',b'2024-11',21302007,CONTRIBUCION SOLIDARIA (CHOFERES),0,2,2,1088432.02,0.0,1088432.02
b'2024-12',b'2024-12',21302007,CONTRIBUCION SOLIDARIA (CHOFERES),0,2,2,1113648.54,0.0,1113648.54
b'2025-01',b'2025-01',21302007,CONTRIBUCION SOLIDARIA (CHOFERES),0,2,1,1345919.2,0.0,1345919.2
b'2025-02',b'2025-02',21302007,CONTRIBUCION SOLIDARIA (CHOFERES),0,2,2,1384467.22,0.0,1384467.22
b'2025-01',b'2025-02',21302007,CONTRIBUCION SOLIDARIA (CHOFERES),0,2,1,444813.33,0.0,444813.33
b'2025-03',b'2025-03',21302007,CONTRIBUCION SOLIDARIA (CHOFERES),0,2,2,1377476.47,0.0,1377476.47
b'2024-11',b'2025-03',21302007,CONTRIBUCION SOLIDARIA (CHOFERES),1,0,1,294753.47,294753.47,0.0
b'2024-12',b'2025-03',21302007,CONTRIBUCION SOLIDARIA (CHOFERES),1,0,2,8242296.27,7797482.94,444813.33
b'2024-10',b'2025-03',21302007,CONTRIBUCION SOLIDARIA (CHOFERES),1,0,1,303418.79,303418.79,0.0
b'2025-04',b'2025-04',21302007,CONTRIBUCION SOLIDARIA (CHOFERES),0,2,2,1236798.77,0.0,1236798.77
b'2025-05',b'2025-05',21302007,CONTRIBUCION SOLIDARIA (CHOFERES),0,2,2,1399527.35,0.0,1399527.35
b'2024-12',b'2025-05',21302007,CONTRIBUCION SOLIDARIA (CHOFERES),0,11,1,444813.33,444813.33,0.0
b'2025-01',b'2025-05',21302007,CONTRIBUCION SOLIDARIA (CHOFERES),1,0,1,444813.33,444813.33,0.0
b'2025-06',b'2025-06',21302007,CONTRIBUCION SOLIDARIA (CHOFERES),0,2,2,1337374.21,0.0,1337374.21
b'2025-03',b'2025-06',21302007,CONTRIBUCION SOLIDARIA (CHOFERES),1,0,1,244060.96,0.0,244060.96
b'2025-04',b'2025-06',21302007,CONTRIBUCION SOLIDARIA (CHOFERES),1,0,1,277919.12,0.0,277919.12
b'2025-01',b'2025-06',21302007,CONTRIBUCION SOLIDARIA (CHOFERES),1,0,1,312799.24,312799.24,0.0
b'2025-02',b'2025-06',21302007,CONTRIBUCION SOLIDARIA (CHOFERES),1,0,1,302105.3,302105.3,0.0
b'2025-06',b'2025-07',21302007,CONTRIBUCION SOLIDARIA (CHOFERES),1,0,2,7096967.22,0.0,7096967.22
b'2025-05',b'2025-07',21302007,CONTRIBUCION SOLIDARIA (CHOFERES),1,0,1,353101.48,0.0,353101.48
b'2025-07',b'2025-08',21302007,CONTRIBUCION SOLIDARIA (CHOFERES),0,2,2,2138436.46,0.0,2138436.46
b'2025-08',b'2025-08',21302007,CONTRIBUCION SOLIDARIA (CHOFERES),0,2,2,1537117.11,0.0,1537117.11
b'2025-09',b'2025-09',21302007,CONTRIBUCION SOLIDARIA (CHOFERES),0,2,2,1409986.94,0.0,1409986.94
b'2025-07',b'2025-09',21302007,CONTRIBUCION SOLIDARIA (CHOFERES),1,0,1,441341.57,441341.57,0.0
b'2025-10',b'2025-10',21302007,CONTRIBUCION SOLIDARIA (CHOFERES),0,2,2,1445223.64,0.0,1445223.64
b'2025-11',b'2025-11',21302007,CONTRIBUCION SOLIDARIA (CHOFERES),0,2,2,2165038.37,0.0,2165038.37
b'2025-11',b'2025-11',21302007,CONTRIBUCION SOLIDARIA (CHOFERES),1,2,1,1072416.34,0.0,1072416.34
b'2025-12',b'2025-12',21302007,CONTRIBUCION SOLIDARIA (CHOFERES),0,2,2,1480602.6,0.0,1480602.6
b'2025-11',b'2025-12',21302007,CONTRIBUCION SOLIDARIA (CHOFERES),0,2,1,411387.23,0.0,411387.23
b'2026-01',b'2026-01',21302007,CONTRIBUCION SOLIDARIA (CHOFERES),0,2,2,2410994.56,0.0,2410994.56
b'2025-08',b'2026-01',21302007,CONTRIBUCION SOLIDARIA (CHOFERES),1,0,1,366678.22,366678.22,0.0
b'2025-10',b'2026-01',21302007,CONTRIBUCION SOLIDARIA (CHOFERES),1,0,1,303418.79,303418.79,0.0
b'2025-11',b'2026-01',21302007,CONTRIBUCION SOLIDARIA (CHOFERES),1,0,2,6425193.18,6425193.18,0.0
b'2025-09',b'2026-01',21302007,CONTRIBUCION SOLIDARIA (CHOFERES),1,0,1,363146.4,363146.4,0.0
b'2026-02',b'2026-02',21302007,CONTRIBUCION SOLIDARIA (CHOFERES),0,2,2,1760021.87,0.0,1760021.87
b'2026-03',b'2026-03',21302007,CONTRIBUCION SOLIDARIA (CHOFERES),0,2,2,1747182.47,0.0,1747182.47
b'2026-04',b'2026-04',21302007,CONTRIBUCION SOLIDARIA (CHOFERES),0,2,2,1745289.97,0.0,1745289.97
b'2026-05',b'2026-05',21302007,CONTRIBUCION SOLIDARIA (CHOFERES),0,2,2,2037424.85,0.0,2037424.85
b'2025-12',b'2026-05',21302007,CONTRIBUCION SOLIDARIA (CHOFERES),1,0,2,1707533.15,1110207.75,597325.4
b'2026-06',b'2026-06',21302007,CONTRIBUCION SOLIDARIA (CHOFERES),0,2,2,1968150.4,0.0,1968150.4
b'2025-12',b'2026-07',21302007,CONTRIBUCION SOLIDARIA (CHOFERES),0,11,1,597325.4,597325.4,0.0
b'2026-07',b'2026-07',21302007,CONTRIBUCION SOLIDARIA (CHOFERES),1,0,1,597325.4,597325.4,0.0
b'2024-01',b'2024-01',21302008,SEGUROS SEPELIOS ( CHOFERES),0,2,2,287854.39,0.0,287854.39
b'2023-11',b'2024-01',21302008,SEGUROS SEPELIOS ( CHOFERES),0,2,1,91870.88,0.0,91870.88
b'2023-12',b'2024-01',21302008,SEGUROS SEPELIOS ( CHOFERES),1,0,1,67400.87,0.0,67400.87
b'2023-01',b'2024-01',21302008,SEGUROS SEPELIOS ( CHOFERES),1,0,1,31932.37,31932.37,0.0
b'2024-02',b'2024-02',21302008,SEGUROS SEPELIOS ( CHOFERES),0,2,2,252187.68,0.0,252187.68
b'2024-01',b'2024-02',21302008,SEGUROS SEPELIOS ( CHOFERES),1,0,1,60333.57,0.0,60333.57
b'2024-03',b'2024-03',21302008,SEGUROS SEPELIOS ( CHOFERES),0,2,2,314920.25,0.0,314920.25
b'2024-02',b'2024-03',21302008,SEGUROS SEPELIOS ( CHOFERES),1,0,1,78691.92,78691.92,0.0
b'2024-04',b'2024-04',21302008,SEGUROS SEPELIOS ( CHOFERES),0,2,2,367284.5,0.0,367284.5
b'2024-03',b'2024-04',21302008,SEGUROS SEPELIOS ( CHOFERES),1,0,1,92066.23,0.0,92066.23
b'2023-12',b'2024-04',21302008,SEGUROS SEPELIOS ( CHOFERES),1,0,1,1222449.36,1222449.36,0.0
b'2023-12',b'2024-05',21302008,SEGUROS SEPELIOS ( CHOFERES),0,11,1,67400.87,67400.87,0.0
b'2024-05',b'2024-05',21302008,SEGUROS SEPELIOS ( CHOFERES),0,2,2,439360.08,0.0,439360.08
b'2024-06',b'2024-06',21302008,SEGUROS SEPELIOS ( CHOFERES),0,2,2,413108.22,0.0,413108.22
b'2024-07',b'2024-07',21302008,SEGUROS SEPELIOS ( CHOFERES),0,2,2,690600.7,0.0,690600.7
b'2024-08',b'2024-08',21302008,SEGUROS SEPELIOS ( CHOFERES),0,2,2,469345.82,0.0,469345.82
b'2024-09',b'2024-09',21302008,SEGUROS SEPELIOS ( CHOFERES),0,2,2,524375.98,0.0,524375.98
b'2024-01',b'2024-09',21302008,SEGUROS SEPELIOS ( CHOFERES),1,0,1,67400.87,67400.87,0.0
b'2024-10',b'2024-10',21302008,SEGUROS SEPELIOS ( CHOFERES),0,2,2,493473.71,0.0,493473.71
b'2024-08',b'2024-10',21302008,SEGUROS SEPELIOS ( CHOFERES),1,0,1,182993.83,0.0,182993.83
b'2024-04',b'2024-10',21302008,SEGUROS SEPELIOS ( CHOFERES),1,0,1,95177.41,0.0,95177.41
b'2024-09',b'2024-10',21302008,SEGUROS SEPELIOS ( CHOFERES),1,0,1,131943.38,0.0,131943.38
b'2024-05',b'2024-10',21302008,SEGUROS SEPELIOS ( CHOFERES),1,0,1,120478.51,0.0,120478.51
b'2024-06',b'2024-10',21302008,SEGUROS SEPELIOS ( CHOFERES),1,0,1,212060.09,0.0,212060.09
b'2024-07',b'2024-10',21302008,SEGUROS SEPELIOS ( CHOFERES),1,0,1,139078.87,0.0,139078.87
b'2024-11',b'2024-11',21302008,SEGUROS SEPELIOS ( CHOFERES),0,2,2,544215.99,0.0,544215.99
b'2024-12',b'2024-12',21302008,SEGUROS SEPELIOS ( CHOFERES),0,2,2,556824.26,0.0,556824.26
b'2025-01',b'2025-01',21302008,SEGUROS SEPELIOS ( CHOFERES),0,2,1,672959.58,0.0,672959.58
b'2025-01',b'2025-02',21302008,SEGUROS SEPELIOS ( CHOFERES),0,2,1,222406.66,0.0,222406.66
b'2025-02',b'2025-02',21302008,SEGUROS SEPELIOS ( CHOFERES),0,2,2,692233.61,0.0,692233.61
b'2025-03',b'2025-03',21302008,SEGUROS SEPELIOS ( CHOFERES),0,2,2,688738.22,0.0,688738.22
b'2024-10',b'2025-03',21302008,SEGUROS SEPELIOS ( CHOFERES),1,0,1,151709.39,151709.39,0.0
b'2024-12',b'2025-03',21302008,SEGUROS SEPELIOS ( CHOFERES),1,0,2,4096647.43,3874240.77,222406.66
b'2024-11',b'2025-03',21302008,SEGUROS SEPELIOS ( CHOFERES),1,0,1,147376.74,147376.74,0.0
b'2025-04',b'2025-04',21302008,SEGUROS SEPELIOS ( CHOFERES),0,2,2,618399.4,0.0,618399.4
b'2024-12',b'2025-05',21302008,SEGUROS SEPELIOS ( CHOFERES),0,11,1,222406.66,222406.66,0.0
b'2025-05',b'2025-05',21302008,SEGUROS SEPELIOS ( CHOFERES),0,2,2,699763.68,0.0,699763.68
b'2025-01',b'2025-05',21302008,SEGUROS SEPELIOS ( CHOFERES),1,0,1,222406.66,222406.66,0.0
b'2025-06',b'2025-06',21302008,SEGUROS SEPELIOS ( CHOFERES),0,2,2,668687.1,0.0,668687.1
b'2025-02',b'2025-06',21302008,SEGUROS SEPELIOS ( CHOFERES),1,0,1,151052.65,151052.65,0.0
b'2025-03',b'2025-06',21302008,SEGUROS SEPELIOS ( CHOFERES),1,0,1,122030.48,0.0,122030.48
b'2025-04',b'2025-06',21302008,SEGUROS SEPELIOS ( CHOFERES),1,0,1,138959.56,0.0,138959.56
b'2025-01',b'2025-06',21302008,SEGUROS SEPELIOS ( CHOFERES),1,0,1,156399.62,156399.62,0.0
b'2025-06',b'2025-07',21302008,SEGUROS SEPELIOS ( CHOFERES),1,0,2,3548483.59,0.0,3548483.59
b'2025-05',b'2025-07',21302008,SEGUROS SEPELIOS ( CHOFERES),1,0,1,176550.74,0.0,176550.74
b'2025-08',b'2025-08',21302008,SEGUROS SEPELIOS ( CHOFERES),0,2,2,768558.56,0.0,768558.56
b'2025-07',b'2025-08',21302008,SEGUROS SEPELIOS ( CHOFERES),0,2,2,1069218.25,0.0,1069218.25
b'2025-09',b'2025-09',21302008,SEGUROS SEPELIOS ( CHOFERES),0,2,2,704993.47,0.0,704993.47
b'2025-07',b'2025-09',21302008,SEGUROS SEPELIOS ( CHOFERES),1,0,1,220670.79,220670.79,0.0
b'2025-10',b'2025-10',21302008,SEGUROS SEPELIOS ( CHOFERES),0,2,2,722611.81,0.0,722611.81
b'2025-11',b'2025-11',21302008,SEGUROS SEPELIOS ( CHOFERES),0,2,2,1092636.3,0.0,1092636.3
b'2025-11',b'2025-11',21302008,SEGUROS SEPELIOS ( CHOFERES),1,2,1,546325.31,0.0,546325.31
b'2025-12',b'2025-12',21302008,SEGUROS SEPELIOS ( CHOFERES),0,2,2,740301.3,0.0,740301.3
b'2025-11',b'2025-12',21302008,SEGUROS SEPELIOS ( CHOFERES),0,2,1,205693.62,0.0,205693.62
b'2026-01',b'2026-01',21302008,SEGUROS SEPELIOS ( CHOFERES),0,2,2,1205497.27,0.0,1205497.27
b'2025-08',b'2026-01',21302008,SEGUROS SEPELIOS ( CHOFERES),1,0,1,183339.11,183339.11,0.0
b'2025-09',b'2026-01',21302008,SEGUROS SEPELIOS ( CHOFERES),1,0,1,181573.2,181573.2,0.0
b'2025-10',b'2026-01',21302008,SEGUROS SEPELIOS ( CHOFERES),1,0,1,151709.39,151709.39,0.0
b'2025-11',b'2026-01',21302008,SEGUROS SEPELIOS ( CHOFERES),1,0,2,3212596.59,3212596.59,0.0
b'2026-02',b'2026-02',21302008,SEGUROS SEPELIOS ( CHOFERES),0,2,2,880010.93,0.0,880010.93
b'2026-03',b'2026-03',21302008,SEGUROS SEPELIOS ( CHOFERES),0,2,2,877390.92,0.0,877390.92
b'2026-04',b'2026-04',21302008,SEGUROS SEPELIOS ( CHOFERES),0,2,2,872644.97,0.0,872644.97
b'2026-05',b'2026-05',21302008,SEGUROS SEPELIOS ( CHOFERES),0,2,2,1018712.4,0.0,1018712.4
b'2025-12',b'2026-05',21302008,SEGUROS SEPELIOS ( CHOFERES),1,0,2,853766.57,555103.87,298662.7
b'2026-06',b'2026-06',21302008,SEGUROS SEPELIOS ( CHOFERES),0,2,2,984075.18,0.0,984075.18
b'2025-12',b'2026-07',21302008,SEGUROS SEPELIOS ( CHOFERES),0,11,1,298662.7,298662.7,0.0
b'2026-07',b'2026-07',21302008,SEGUROS SEPELIOS ( CHOFERES),1,0,1,298662.7,298662.7,0.0
b'2024-01',b'2024-01',21302009,APORTE EMPRESARIO SINDICAL (CHOFERES),0,2,2,142661.26,0.0,142661.26
b'2023-01',b'2024-01',21302009,APORTE EMPRESARIO SINDICAL (CHOFERES),1,0,1,10246.75,10246.75,0.0
b'2023-12',b'2024-01',21302009,APORTE EMPRESARIO SINDICAL (CHOFERES),1,0,1,28645.62,0.0,28645.62
b'2024-02',b'2024-02',21302009,APORTE EMPRESARIO SINDICAL (CHOFERES),0,2,2,197435.21,0.0,197435.21
b'2024-01',b'2024-02',21302009,APORTE EMPRESARIO SINDICAL (CHOFERES),1,0,1,35832.81,0.0,35832.81
b'2024-03',b'2024-03',21302009,APORTE EMPRESARIO SINDICAL (CHOFERES),0,2,2,194995.0,0.0,194995.0
b'2024-02',b'2024-03',21302009,APORTE EMPRESARIO SINDICAL (CHOFERES),1,0,1,41852.72,41852.72,0.0
b'2024-04',b'2024-04',21302009,APORTE EMPRESARIO SINDICAL (CHOFERES),0,2,2,246563.28,0.0,246563.28
b'2023-12',b'2024-04',21302009,APORTE EMPRESARIO SINDICAL (CHOFERES),1,0,1,781394.02,781394.02,0.0
b'2024-03',b'2024-04',21302009,APORTE EMPRESARIO SINDICAL (CHOFERES),1,0,1,55135.44,0.0,55135.44
b'2024-05',b'2024-05',21302009,APORTE EMPRESARIO SINDICAL (CHOFERES),0,2,2,292881.8,0.0,292881.8
b'2023-12',b'2024-05',21302009,APORTE EMPRESARIO SINDICAL (CHOFERES),0,11,1,28645.62,28645.62,0.0
b'2024-06',b'2024-06',21302009,APORTE EMPRESARIO SINDICAL (CHOFERES),0,2,2,264043.96,0.0,264043.96
b'2024-07',b'2024-07',21302009,APORTE EMPRESARIO SINDICAL (CHOFERES),0,2,2,277246.1,0.0,277246.1
b'2024-08',b'2024-08',21302009,APORTE EMPRESARIO SINDICAL (CHOFERES),0,2,2,294729.77,0.0,294729.77
b'2024-09',b'2024-09',21302009,APORTE EMPRESARIO SINDICAL (CHOFERES),0,2,2,308931.42,0.0,308931.42
b'2024-01',b'2024-09',21302009,APORTE EMPRESARIO SINDICAL (CHOFERES),1,0,1,28645.62,28645.62,0.0
b'2024-10',b'2024-10',21302009,APORTE EMPRESARIO SINDICAL (CHOFERES),0,2,2,333625.92,0.0,333625.92
b'2024-07',b'2024-10',21302009,APORTE EMPRESARIO SINDICAL (CHOFERES),1,0,1,79324.59,0.0,79324.59
b'2024-08',b'2024-10',21302009,APORTE EMPRESARIO SINDICAL (CHOFERES),1,0,1,82865.86,0.0,82865.86
b'2024-05',b'2024-10',21302009,APORTE EMPRESARIO SINDICAL (CHOFERES),1,0,1,70825.53,0.0,70825.53
b'2024-04',b'2024-10',21302009,APORTE EMPRESARIO SINDICAL (CHOFERES),1,0,1,70825.53,0.0,70825.53
b'2024-09',b'2024-10',21302009,APORTE EMPRESARIO SINDICAL (CHOFERES),1,0,1,184180.5,0.0,184180.5
b'2024-06',b'2024-10',21302009,APORTE EMPRESARIO SINDICAL (CHOFERES),1,0,1,74366.8,0.0,74366.8
b'2024-11',b'2024-11',21302009,APORTE EMPRESARIO SINDICAL (CHOFERES),0,2,2,347018.01,0.0,347018.01
b'2024-12',b'2024-12',21302009,APORTE EMPRESARIO SINDICAL (CHOFERES),0,2,2,389329.06,0.0,389329.06
b'2025-01',b'2025-01',21302009,APORTE EMPRESARIO SINDICAL (CHOFERES),0,2,1,334392.96,0.0,334392.96
b'2025-01',b'2025-02',21302009,APORTE EMPRESARIO SINDICAL (CHOFERES),0,2,1,80547.38,0.0,80547.38
b'2025-02',b'2025-02',21302009,APORTE EMPRESARIO SINDICAL (CHOFERES),0,2,2,422409.18,0.0,422409.18
b'2025-03',b'2025-03',21302009,APORTE EMPRESARIO SINDICAL (CHOFERES),0,2,2,428745.26,0.0,428745.26
b'2024-12',b'2025-03',21302009,APORTE EMPRESARIO SINDICAL (CHOFERES),1,0,2,2368667.9,2191640.52,177027.38
b'2024-11',b'2025-03',21302009,APORTE EMPRESARIO SINDICAL (CHOFERES),1,0,1,186469.74,186469.74,0.0
b'2024-10',b'2025-03',21302009,APORTE EMPRESARIO SINDICAL (CHOFERES),1,0,1,187495.13,187495.13,0.0
b'2025-04',b'2025-04',21302009,APORTE EMPRESARIO SINDICAL (CHOFERES),0,2,2,433890.31,0.0,433890.31
b'2024-12',b'2025-05',21302009,APORTE EMPRESARIO SINDICAL (CHOFERES),0,11,1,177027.38,177027.38,0.0
b'2025-05',b'2025-05',21302009,APORTE EMPRESARIO SINDICAL (CHOFERES),0,2,2,446386.27,0.0,446386.27
b'2025-01',b'2025-05',21302009,APORTE EMPRESARIO SINDICAL (CHOFERES),1,0,1,177027.38,177027.38,0.0
b'2025-06',b'2025-06',21302009,APORTE EMPRESARIO SINDICAL (CHOFERES),0,2,2,424653.24,0.0,424653.24
b'2025-01',b'2025-06',21302009,APORTE EMPRESARIO SINDICAL (CHOFERES),1,0,1,177997.23,177997.23,0.0
b'2025-04',b'2025-06',21302009,APORTE EMPRESARIO SINDICAL (CHOFERES),1,0,1,188651.62,0.0,188651.62
b'2025-02',b'2025-06',21302009,APORTE EMPRESARIO SINDICAL (CHOFERES),1,0,1,179227.19,179227.19,0.0
b'2025-03',b'2025-06',21302009,APORTE EMPRESARIO SINDICAL (CHOFERES),1,0,1,186225.92,0.0,186225.92
b'2025-06',b'2025-07',21302009,APORTE EMPRESARIO SINDICAL (CHOFERES),1,0,2,1736903.94,0.0,1736903.94
b'2025-05',b'2025-07',21302009,APORTE EMPRESARIO SINDICAL (CHOFERES),1,0,1,597518.14,0.0,597518.14
b'2025-08',b'2025-08',21302009,APORTE EMPRESARIO SINDICAL (CHOFERES),0,2,2,469877.73,0.0,469877.73
b'2025-07',b'2025-08',21302009,APORTE EMPRESARIO SINDICAL (CHOFERES),0,2,2,439533.28,0.0,439533.28
b'2025-09',b'2025-09',21302009,APORTE EMPRESARIO SINDICAL (CHOFERES),0,2,2,476613.62,0.0,476613.62
b'2025-07',b'2025-09',21302009,APORTE EMPRESARIO SINDICAL (CHOFERES),1,0,1,699707.8,699707.8,0.0
b'2025-10',b'2025-10',21302009,APORTE EMPRESARIO SINDICAL (CHOFERES),0,2,2,482333.01,0.0,482333.01
b'2025-11',b'2025-11',21302009,APORTE EMPRESARIO SINDICAL (CHOFERES),0,2,2,789179.45,0.0,789179.45
b'2025-11',b'2025-11',21302009,APORTE EMPRESARIO SINDICAL (CHOFERES),1,2,1,404685.41,0.0,404685.41
b'2025-11',b'2025-12',21302009,APORTE EMPRESARIO SINDICAL (CHOFERES),0,2,1,116488.76,0.0,116488.76
b'2025-12',b'2025-12',21302009,APORTE EMPRESARIO SINDICAL (CHOFERES),0,2,2,505994.63,0.0,505994.63
b'2026-01',b'2026-01',21302009,APORTE EMPRESARIO SINDICAL (CHOFERES),0,2,2,542427.14,0.0,542427.14
b'2025-11',b'2026-01',21302009,APORTE EMPRESARIO SINDICAL (CHOFERES),1,0,2,704290.5,704290.5,0.0
b'2025-08',b'2026-01',21302009,APORTE EMPRESARIO SINDICAL (CHOFERES),1,0,1,110821.99,110821.99,0.0
b'2025-09',b'2026-01',21302009,APORTE EMPRESARIO SINDICAL (CHOFERES),1,0,1,112151.85,112151.85,0.0
b'2025-10',b'2026-01',21302009,APORTE EMPRESARIO SINDICAL (CHOFERES),1,0,1,187495.13,187495.13,0.0
b'2026-02',b'2026-02',21302009,APORTE EMPRESARIO SINDICAL (CHOFERES),0,2,2,567940.08,0.0,567940.08
b'2026-03',b'2026-03',21302009,APORTE EMPRESARIO SINDICAL (CHOFERES),0,2,2,599942.65,0.0,599942.65
b'2026-04',b'2026-04',21302009,APORTE EMPRESARIO SINDICAL (CHOFERES),0,2,2,603440.99,0.0,603440.99
b'2026-05',b'2026-05',21302009,APORTE EMPRESARIO SINDICAL (CHOFERES),0,2,2,627740.26,0.0,627740.26
b'2025-12',b'2026-05',21302009,APORTE EMPRESARIO SINDICAL (CHOFERES),1,0,2,811937.87,693107.68,118830.19
b'2026-06',b'2026-06',21302009,APORTE EMPRESARIO SINDICAL (CHOFERES),0,2,2,658433.38,0.0,658433.38
b'2025-12',b'2026-07',21302009,APORTE EMPRESARIO SINDICAL (CHOFERES),0,11,1,423596.89,423596.89,0.0
b'2026-07',b'2026-07',21302009,APORTE EMPRESARIO SINDICAL (CHOFERES),1,0,1,423596.89,423596.89,0.0
b'2024-01',b'2024-01',21302010,FEDERACION NACIONAL DE TRABAJADORES CAMIONEROS,0,2,4,328661.18,0.0,328661.18
b'2023-01',b'2024-01',21302010,FEDERACION NACIONAL DE TRABAJADORES CAMIONEROS,1,0,1,51553.82,51553.82,0.0
b'2023-12',b'2024-01',21302010,FEDERACION NACIONAL DE TRABAJADORES CAMIONEROS,1,0,1,328661.18,0.0,328661.18
b'2024-02',b'2024-02',21302010,FEDERACION NACIONAL DE TRABAJADORES CAMIONEROS,0,2,4,382934.45,0.0,382934.45
b'2024-01',b'2024-02',21302010,FEDERACION NACIONAL DE TRABAJADORES CAMIONEROS,1,0,1,91388.19,0.0,91388.19
b'2024-03',b'2024-03',21302010,FEDERACION NACIONAL DE TRABAJADORES CAMIONEROS,0,2,4,397994.96,0.0,397994.96
b'2024-04',b'2024-04',21302010,FEDERACION NACIONAL DE TRABAJADORES CAMIONEROS,0,2,2,246563.24,0.0,246563.24
b'2024-03',b'2024-04',21302010,FEDERACION NACIONAL DE TRABAJADORES CAMIONEROS,1,0,1,556563.24,0.0,556563.24
b'2023-12',b'2024-04',21302010,FEDERACION NACIONAL DE TRABAJADORES CAMIONEROS,1,0,1,179586.46,179586.46,0.0
b'2023-12',b'2024-05',21302010,FEDERACION NACIONAL DE TRABAJADORES CAMIONEROS,0,11,1,214645.63,214645.63,0.0
b'2024-05',b'2024-05',21302010,FEDERACION NACIONAL DE TRABAJADORES CAMIONEROS,0,2,7,1132881.76,0.0,1132881.76
b'2024-05',b'2024-05',21302010,FEDERACION NACIONAL DE TRABAJADORES CAMIONEROS,1,2,1,230000.0,0.0,230000.0
b'2024-06',b'2024-06',21302010,FEDERACION NACIONAL DE TRABAJADORES CAMIONEROS,0,2,4,534043.93,0.0,534043.93
b'2024-07',b'2024-07',21302010,FEDERACION NACIONAL DE TRABAJADORES CAMIONEROS,0,2,4,601246.13,0.0,601246.13
b'2024-08',b'2024-08',21302010,FEDERACION NACIONAL DE TRABAJADORES CAMIONEROS,0,2,4,618729.84,0.0,618729.84
b'2024-09',b'2024-09',21302010,FEDERACION NACIONAL DE TRABAJADORES CAMIONEROS,0,2,4,646431.4,0.0,646431.4
b'2024-01',b'2024-09',21302010,FEDERACION NACIONAL DE TRABAJADORES CAMIONEROS,1,0,1,214645.63,214645.63,0.0
b'2024-10',b'2024-10',21302010,FEDERACION NACIONAL DE TRABAJADORES CAMIONEROS,0,2,4,725625.89,0.0,725625.89
b'2024-06',b'2024-10',21302010,FEDERACION NACIONAL DE TRABAJADORES CAMIONEROS,1,0,1,601246.13,0.0,601246.13
b'2024-07',b'2024-10',21302010,FEDERACION NACIONAL DE TRABAJADORES CAMIONEROS,1,0,1,618729.84,0.0,618729.84
b'2024-08',b'2024-10',21302010,FEDERACION NACIONAL DE TRABAJADORES CAMIONEROS,1,0,1,646431.4,0.0,646431.4
b'2024-05',b'2024-10',21302010,FEDERACION NACIONAL DE TRABAJADORES CAMIONEROS,1,0,1,534043.93,0.0,534043.93
b'2024-04',b'2024-10',21302010,FEDERACION NACIONAL DE TRABAJADORES CAMIONEROS,1,0,1,592881.76,0.0,592881.76
b'2024-09',b'2024-10',21302010,FEDERACION NACIONAL DE TRABAJADORES CAMIONEROS,1,0,1,627625.89,0.0,627625.89
b'2024-11',b'2024-11',21302010,FEDERACION NACIONAL DE TRABAJADORES CAMIONEROS,0,2,4,753455.53,0.0,753455.53
b'2024-12',b'2024-12',21302010,FEDERACION NACIONAL DE TRABAJADORES CAMIONEROS,0,2,4,823329.1,0.0,823329.1
b'2025-01',b'2025-01',21302010,FEDERACION NACIONAL DE TRABAJADORES CAMIONEROS,0,2,6,2009100.5,0.0,2009100.5
b'2025-01',b'2025-01',21302010,FEDERACION NACIONAL DE TRABAJADORES CAMIONEROS,1,2,1,334392.88,0.0,334392.88
b'2025-02',b'2025-02',21302010,FEDERACION NACIONAL DE TRABAJADORES CAMIONEROS,0,2,4,934409.19,0.0,934409.19
b'2025-01',b'2025-02',21302010,FEDERACION NACIONAL DE TRABAJADORES CAMIONEROS,0,2,1,747767.39,0.0,747767.39
b'2025-01',b'2025-02',21302010,FEDERACION NACIONAL DE TRABAJADORES CAMIONEROS,1,2,2,1495534.76,0.0,1495534.76
b'2025-03',b'2025-03',21302010,FEDERACION NACIONAL DE TRABAJADORES CAMIONEROS,0,2,4,940745.32,0.0,940745.32
b'2024-12',b'2025-03',21302010,FEDERACION NACIONAL DE TRABAJADORES CAMIONEROS,1,0,2,1632456.77,1217516.52,414940.25
b'2024-11',b'2025-03',21302010,FEDERACION NACIONAL DE TRABAJADORES CAMIONEROS,1,0,1,629884.75,629884.75,0.0
b'2024-10',b'2025-03',21302010,FEDERACION NACIONAL DE TRABAJADORES CAMIONEROS,1,0,1,630940.13,630940.13,0.0
b'2025-04',b'2025-04',21302010,FEDERACION NACIONAL DE TRABAJADORES CAMIONEROS,0,2,4,977890.27,0.0,977890.27
b'2025-05',b'2025-05',21302010,FEDERACION NACIONAL DE TRABAJADORES CAMIONEROS,0,2,4,990386.31,0.0,990386.31
b'2024-12',b'2025-05',21302010,FEDERACION NACIONAL DE TRABAJADORES CAMIONEROS,0,11,1,414940.25,414940.25,0.0
b'2025-01',b'2025-05',21302010,FEDERACION NACIONAL DE TRABAJADORES CAMIONEROS,1,0,1,414940.25,414940.25,0.0
b'2025-06',b'2025-06',21302010,FEDERACION NACIONAL DE TRABAJADORES CAMIONEROS,0,2,4,934653.24,0.0,934653.24
b'2025-01',b'2025-06',21302010,FEDERACION NACIONAL DE TRABAJADORES CAMIONEROS,1,0,1,422409.19,422409.19,0.0
b'2025-04',b'2025-06',21302010,FEDERACION NACIONAL DE TRABAJADORES CAMIONEROS,1,0,1,446386.31,0.0,446386.31
b'2025-02',b'2025-06',21302010,FEDERACION NACIONAL DE TRABAJADORES CAMIONEROS,1,0,1,428745.32,428745.32,0.0
b'2025-03',b'2025-06',21302010,FEDERACION NACIONAL DE TRABAJADORES CAMIONEROS,1,0,1,433890.27,0.0,433890.27
b'2025-05',b'2025-07',21302010,FEDERACION NACIONAL DE TRABAJADORES CAMIONEROS,1,0,1,424653.24,0.0,424653.24
b'2025-06',b'2025-07',21302010,FEDERACION NACIONAL DE TRABAJADORES CAMIONEROS,1,0,2,3573533.28,0.0,3573533.28
b'2025-07',b'2025-08',21302010,FEDERACION NACIONAL DE TRABAJADORES CAMIONEROS,0,2,5,1142533.28,0.0,1142533.28
b'2025-08',b'2025-08',21302010,FEDERACION NACIONAL DE TRABAJADORES CAMIONEROS,0,2,4,1061877.69,0.0,1061877.69
b'2025-07',b'2025-08',21302010,FEDERACION NACIONAL DE TRABAJADORES CAMIONEROS,1,2,1,129500.0,0.0,129500.0
b'2025-09',b'2025-09',21302010,FEDERACION NACIONAL DE TRABAJADORES CAMIONEROS,0,2,4,1050113.59,0.0,1050113.59
b'2025-07',b'2025-09',21302010,FEDERACION NACIONAL DE TRABAJADORES CAMIONEROS,1,0,1,469877.69,469877.69,0.0
b'2025-10',b'2025-10',21302010,FEDERACION NACIONAL DE TRABAJADORES CAMIONEROS,0,2,4,1102332.94,0.0,1102332.94
b'2025-11',b'2025-12',21302010,FEDERACION NACIONAL DE TRABAJADORES CAMIONEROS,0,2,3,736488.76,0.0,736488.76
b'2025-12',b'2025-12',21302010,FEDERACION NACIONAL DE TRABAJADORES CAMIONEROS,0,2,4,1125994.6,0.0,1125994.6
b'2026-01',b'2026-01',21302010,FEDERACION NACIONAL DE TRABAJADORES CAMIONEROS,0,2,4,1268427.08,0.0,1268427.08
b'2025-11',b'2026-01',21302010,FEDERACION NACIONAL DE TRABAJADORES CAMIONEROS,0,2,1,370181.09,0.0,370181.09
b'2025-12',b'2026-01',21302010,FEDERACION NACIONAL DE TRABAJADORES CAMIONEROS,0,2,1,117653.65,0.0,117653.65
b'2025-10',b'2026-01',21302010,FEDERACION NACIONAL DE TRABAJADORES CAMIONEROS,1,0,1,630940.13,630940.13,0.0
b'2025-11',b'2026-01',21302010,FEDERACION NACIONAL DE TRABAJADORES CAMIONEROS,1,0,2,2656402.33,2656402.33,0.0
b'2025-08',b'2026-01',21302010,FEDERACION NACIONAL DE TRABAJADORES CAMIONEROS,1,0,1,1160935.58,1160935.58,0.0
b'2025-09',b'2026-01',21302010,FEDERACION NACIONAL DE TRABAJADORES CAMIONEROS,1,0,1,1102332.94,1102332.94,0.0
b'2025-12',b'2026-01',21302010,FEDERACION NACIONAL DE TRABAJADORES CAMIONEROS,1,2,1,117653.65,0.0,117653.65
b'2026-02',b'2026-02',21302010,FEDERACION NACIONAL DE TRABAJADORES CAMIONEROS,0,2,4,1293939.97,0.0,1293939.97
b'2026-03',b'2026-03',21302010,FEDERACION NACIONAL DE TRABAJADORES CAMIONEROS,0,2,4,1299619.36,0.0,1299619.36
b'2026-04',b'2026-04',21302010,FEDERACION NACIONAL DE TRABAJADORES CAMIONEROS,0,2,4,1453441.0,0.0,1453441.0
b'2026-05',b'2026-05',21302010,FEDERACION NACIONAL DE TRABAJADORES CAMIONEROS,0,2,4,1452740.35,0.0,1452740.35
b'2025-12',b'2026-05',21302010,FEDERACION NACIONAL DE TRABAJADORES CAMIONEROS,0,0,1,423596.89,423596.89,0.0
b'2025-12',b'2026-05',21302010,FEDERACION NACIONAL DE TRABAJADORES CAMIONEROS,1,0,1,542427.08,0.0,542427.08
b'2026-06',b'2026-06',21302010,FEDERACION NACIONAL DE TRABAJADORES CAMIONEROS,0,2,4,1508433.38,0.0,1508433.38
b'2025-12',b'2026-07',21302010,FEDERACION NACIONAL DE TRABAJADORES CAMIONEROS,0,11,1,118830.19,118830.19,0.0
b'2026-07',b'2026-07',21302010,FEDERACION NACIONAL DE TRABAJADORES CAMIONEROS,1,0,1,118830.19,118830.19,0.0
b'2023-01',b'2024-01',21302011,SINDICATO CAMIONEROS SALTA,1,0,1,296279.03,296279.03,0.0
b'2023-12',b'2024-01',21302011,SINDICATO CAMIONEROS SALTA,1,0,1,775376.22,0.0,775376.22
b'2024-01',b'2024-02',21302011,SINDICATO CAMIONEROS SALTA,1,0,1,425935.03,0.0,425935.03
b'2024-02',b'2024-03',21302011,SINDICATO CAMIONEROS SALTA,1,0,2,1259822.26,1259822.26,0.0
b'2023-12',b'2024-04',21302011,SINDICATO CAMIONEROS SALTA,0,0,1,4232599.09,4232599.09,0.0
b'2024-03',b'2024-04',21302011,SINDICATO CAMIONEROS SALTA,1,0,1,1017082.64,0.0,1017082.64
b'2023-12',b'2024-05',21302011,SINDICATO CAMIONEROS SALTA,0,11,1,775376.22,775376.22,0.0
b'2024-01',b'2024-09',21302011,SINDICATO CAMIONEROS SALTA,1,0,1,775376.22,775376.22,0.0
b'2024-05',b'2024-10',21302011,SINDICATO CAMIONEROS SALTA,1,0,1,1071107.56,0.0,1071107.56
b'2024-04',b'2024-10',21302011,SINDICATO CAMIONEROS SALTA,1,0,1,1254604.22,0.0,1254604.22
b'2024-09',b'2024-10',21302011,SINDICATO CAMIONEROS SALTA,1,0,1,1332036.37,0.0,1332036.37
b'2024-06',b'2024-10',21302011,SINDICATO CAMIONEROS SALTA,1,0,1,1638501.12,0.0,1638501.12
b'2024-07',b'2024-10',21302011,SINDICATO CAMIONEROS SALTA,1,0,1,1206206.0,0.0,1206206.0
b'2024-08',b'2024-10',21302011,SINDICATO CAMIONEROS SALTA,1,0,1,1250211.98,0.0,1250211.98
b'2024-12',b'2025-03',21302011,SINDICATO CAMIONEROS SALTA,0,0,1,13894956.14,13894956.14,0.0
b'2024-11',b'2025-03',21302011,SINDICATO CAMIONEROS SALTA,1,0,1,1332036.37,1332036.37,0.0
b'2024-12',b'2025-03',21302011,SINDICATO CAMIONEROS SALTA,1,0,1,2769271.74,0.0,2769271.74
b'2024-10',b'2025-03',21302011,SINDICATO CAMIONEROS SALTA,1,0,1,1332036.37,1332036.37,0.0
b'2024-12',b'2025-05',21302011,SINDICATO CAMIONEROS SALTA,0,11,1,2769271.74,2769271.74,0.0
b'2025-01',b'2025-05',21302011,SINDICATO CAMIONEROS SALTA,1,0,1,2769271.74,2769271.74,0.0
b'2025-03',b'2025-06',21302011,SINDICATO CAMIONEROS SALTA,1,0,1,2280771.12,0.0,2280771.12
b'2025-01',b'2025-06',21302011,SINDICATO CAMIONEROS SALTA,1,0,1,2363913.92,2363913.92,0.0
b'2025-04',b'2025-06',21302011,SINDICATO CAMIONEROS SALTA,1,0,1,2484147.0,0.0,2484147.0
b'2025-02',b'2025-06',21302011,SINDICATO CAMIONEROS SALTA,1,0,1,2373574.81,2373574.81,0.0
b'2025-06',b'2025-07',21302011,SINDICATO CAMIONEROS SALTA,0,0,1,14085222.78,0.0,14085222.78
b'2025-06',b'2025-07',21302011,SINDICATO CAMIONEROS SALTA,1,0,1,2790076.02,0.0,2790076.02
b'2025-05',b'2025-07',21302011,SINDICATO CAMIONEROS SALTA,1,0,1,1813544.19,0.0,1813544.19
b'2025-07',b'2025-09',21302011,SINDICATO CAMIONEROS SALTA,1,0,1,2005833.24,2005833.24,0.0
b'2025-11',b'2026-01',21302011,SINDICATO CAMIONEROS SALTA,0,0,1,9330381.12,9330381.12,0.0
b'2025-09',b'2026-01',21302011,SINDICATO CAMIONEROS SALTA,1,0,1,1993297.01,1993297.01,0.0
b'2025-10',b'2026-01',21302011,SINDICATO CAMIONEROS SALTA,1,0,1,1332036.37,1332036.37,0.0
b'2025-11',b'2026-01',21302011,SINDICATO CAMIONEROS SALTA,1,0,1,1332036.37,1332036.37,0.0
b'2025-08',b'2026-01',21302011,SINDICATO CAMIONEROS SALTA,1,0,1,1930754.71,1930754.71,0.0
b'2025-12',b'2026-05',21302011,SINDICATO CAMIONEROS SALTA,0,0,1,1934822.41,1934822.41,0.0
b'2025-12',b'2026-05',21302011,SINDICATO CAMIONEROS SALTA,1,0,1,3870377.88,0.0,3870377.88
b'2025-12',b'2026-07',21302011,SINDICATO CAMIONEROS SALTA,0,11,1,3989208.07,3989208.07,0.0
b'2026-07',b'2026-07',21302011,SINDICATO CAMIONEROS SALTA,1,0,1,3989208.07,3989208.07,0.0
b'2025-08',b'2025-09',21302013,PROV CARGAS SOCIALES,1,0,1,135577953.26,0.0,135577953.26
b'2025-09',b'2026-01',21302013,PROV CARGAS SOCIALES,0,0,1,135577953.26,0.0,135577953.26
